
[
{
  "results_found": 369,
  "results_start": 0,
  "results_shown": 20,
  "restaurants": [
    {
      "restaurant": {
        "R": {
          "res_id": 16588043,
          "is_grocery_store": false,
          "has_menu_status": {
            "delivery": -1,
            "takeaway": -1
          }
        },
        "apikey": "c1d331ff7e4dcfb200d33fa7efb9b184",
        "id": "16588043",
        "name": "Argo on the Parade",
        "url": "https:\/\/www.zomato.com\/adelaide\/argo-on-the-parade-norwood?utm_source=api_basic_user&utm_medium=api&utm_campaign=v2.1",
        "location": {
          "address": "212 The Parade, Norwood",
          "locality": "The Parade, Norwood",
          "city": "Adelaide",
          "city_id": 297,
          "latitude": "-34.9212583333",
          "longitude": "138.6376944444",
          "zipcode": "5067",
          "country_id": 14,
          "locality_verbose": "The Parade, Norwood, Adelaide, SA"
        },
        "switch_to_order_menu": 0,
        "cuisines": "Healthy Food, Vegetarian, Coffee and Tea, Cafe Food",
        "timings": "6 AM to 5 PM ",
        "average_cost_for_two": 50,
        "price_range": 2,
        "currency": "$",
        "highlights": [
          "Credit Card",
          "Delivery",
          "No Alcohol Available",
          "Lunch",
          "Cash",
          "Debit Card",
          "Takeaway Available",
          "Breakfast",
          "Live Music",
          "Outdoor Seating",
          "Kid Friendly",
          "Gluten Free Options",
          "Vegetarian Friendly",
          "Indoor Seating",
          "Wifi",
          "Vegan Options"
        ],
        "offers": [],
        "opentable_support": 0,
        "is_zomato_book_res": 0,
        "mezzo_provider": "OTHER",
        "is_book_form_web_view": 0,
        "book_form_web_view_url": "",
        "book_again_url": "",
        "thumb": "https:\/\/b.zmtcdn.com\/data\/res_imagery\/16588043_RESTAURANT_adaf2fe7858436cf78b3538e67483d1e.jpg?fit=around%7C200%3A200&crop=200%3A200%3B%2A%2C%2A",
        "user_rating": {
          "aggregate_rating": "4.3",
          "rating_text": "Very Good",
          "rating_color": "5BA829",
          "rating_obj": {
            "title": {
              "text": "4.3"
            },
            "bg_color": {
              "type": "lime",
              "tint": "700"
            }
          },
          "votes": 636
        },
        "all_reviews_count": 250,
        "photos_url": "https:\/\/www.zomato.com\/adelaide\/argo-on-the-parade-norwood\/photos?utm_source=api_basic_user&utm_medium=api&utm_campaign=v2.1#tabtop",
        "photo_count": 354,
        "menu_url": "https:\/\/www.zomato.com\/adelaide\/argo-on-the-parade-norwood\/menu?utm_source=api_basic_user&utm_medium=api&utm_campaign=v2.1&openSwipeBox=menu&showMinimal=1#tabtop",
        "featured_image": "https:\/\/b.zmtcdn.com\/data\/res_imagery\/16588043_RESTAURANT_adaf2fe7858436cf78b3538e67483d1e.jpg",
        "medio_provider": false,
        "has_online_delivery": 0,
        "is_delivering_now": 0,
        "store_type": "",
        "include_bogo_offers": true,
        "deeplink": "zomato:\/\/restaurant\/16588043",
        "is_table_reservation_supported": 0,
        "has_table_booking": 0,
        "events_url": "https:\/\/www.zomato.com\/adelaide\/argo-on-the-parade-norwood\/events#tabtop?utm_source=api_basic_user&utm_medium=api&utm_campaign=v2.1",
        "phone_numbers": "(08) 8431 1387",
        "all_reviews": {
          "reviews": [
            {
              "review": []
            },
            {
              "review": []
            },
            {
              "review": []
            },
            {
              "review": []
            },
            {
              "review": []
            }
          ]
        },
        "establishment": [
          "Caf\u00e9"
        ],
        "establishment_types": []
      }
    },
    {
      "restaurant": {
        "R": {
          "res_id": 16587066,
          "is_grocery_store": false,
          "has_menu_status": {
            "delivery": -1,
            "takeaway": -1
          }
        },
        "apikey": "c1d331ff7e4dcfb200d33fa7efb9b184",
        "id": "16587066",
        "name": "Muratti Cakes",
        "url": "https:\/\/www.zomato.com\/adelaide\/muratti-cakes-prospect?utm_source=api_basic_user&utm_medium=api&utm_campaign=v2.1",
        "location": {
          "address": "114-114b Prospect Road, Prospect, Prospect, Adelaide",
          "locality": "Prospect Road, Prospect",
          "city": "Adelaide",
          "city_id": 297,
          "latitude": "-34.8871638889",
          "longitude": "138.5939944444",
          "zipcode": "5082",
          "country_id": 14,
          "locality_verbose": "Prospect Road, Prospect, Adelaide, SA"
        },
        "switch_to_order_menu": 0,
        "cuisines": "Bakery, Patisserie",
        "timings": "7:30 AM to 6 PM ",
        "average_cost_for_two": 35,
        "price_range": 2,
        "currency": "$",
        "highlights": [
          "Credit Card",
          "Delivery",
          "Breakfast",
          "No Alcohol Available",
          "Takeaway Available",
          "Lunch",
          "Indoor Seating",
          "Wheelchair Accessible",
          "Gluten Free Options",
          "Outdoor Seating",
          "Wifi",
          "Vegetarian Friendly",
          "Desserts and Bakes"
        ],
        "offers": [],
        "opentable_support": 0,
        "is_zomato_book_res": 0,
        "mezzo_provider": "OTHER",
        "is_book_form_web_view": 0,
        "book_form_web_view_url": "",
        "book_again_url": "",
        "thumb": "https:\/\/b.zmtcdn.com\/data\/res_imagery\/16587066_RESTAURANT_383cdc1857c641a8a7b6afb5d6fd30da_c.jpg?fit=around%7C200%3A200&crop=200%3A200%3B%2A%2C%2A",
        "user_rating": {
          "aggregate_rating": "4.9",
          "rating_text": "Excellent",
          "rating_color": "3F7E00",
          "rating_obj": {
            "title": {
              "text": "4.9"
            },
            "bg_color": {
              "type": "lime",
              "tint": "800"
            }
          },
          "votes": 297
        },
        "all_reviews_count": 90,
        "photos_url": "https:\/\/www.zomato.com\/adelaide\/muratti-cakes-prospect\/photos?utm_source=api_basic_user&utm_medium=api&utm_campaign=v2.1#tabtop",
        "photo_count": 117,
        "menu_url": "https:\/\/www.zomato.com\/adelaide\/muratti-cakes-prospect\/menu?utm_source=api_basic_user&utm_medium=api&utm_campaign=v2.1&openSwipeBox=menu&showMinimal=1#tabtop",
        "featured_image": "https:\/\/b.zmtcdn.com\/data\/res_imagery\/16587066_RESTAURANT_383cdc1857c641a8a7b6afb5d6fd30da_c.jpg",
        "medio_provider": false,
        "has_online_delivery": 0,
        "is_delivering_now": 0,
        "store_type": "",
        "include_bogo_offers": true,
        "deeplink": "zomato:\/\/restaurant\/16587066",
        "is_table_reservation_supported": 0,
        "has_table_booking": 0,
        "events_url": "https:\/\/www.zomato.com\/adelaide\/muratti-cakes-prospect\/events#tabtop?utm_source=api_basic_user&utm_medium=api&utm_campaign=v2.1",
        "phone_numbers": "(08) 8344 9977",
        "all_reviews": {
          "reviews": [
            {
              "review": []
            },
            {
              "review": []
            },
            {
              "review": []
            },
            {
              "review": []
            },
            {
              "review": []
            }
          ]
        },
        "establishment": [
          "Bakery"
        ],
        "establishment_types": []
      }
    },
    {
      "restaurant": {
        "R": {
          "res_id": 16589171,
          "is_grocery_store": false,
          "has_menu_status": {
            "delivery": -1,
            "takeaway": -1
          }
        },
        "apikey": "c1d331ff7e4dcfb200d33fa7efb9b184",
        "id": "16589171",
        "name": "Tony Tomatoes",
        "url": "https:\/\/www.zomato.com\/adelaide\/tony-tomatoes-north-adelaide?utm_source=api_basic_user&utm_medium=api&utm_campaign=v2.1",
        "location": {
          "address": "155-157 O'Connell Street, North Adelaide",
          "locality": "O'connell Street, North Adelaide",
          "city": "Adelaide",
          "city_id": 297,
          "latitude": "-34.9040111111",
          "longitude": "138.5950916667",
          "zipcode": "5006",
          "country_id": 14,
          "locality_verbose": "O'connell Street, North Adelaide, Adelaide, SA"
        },
        "switch_to_order_menu": 0,
        "cuisines": "Italian, Pizza, Bar Food",
        "timings": "5:30 PM to 11 PM (Mon-Sat),12 Noon to 2:30 PM, 5:30 PM to 11 PM (Sun)",
        "average_cost_for_two": 80,
        "price_range": 3,
        "currency": "$",
        "highlights": [
          "Cash",
          "Debit Card",
          "Takeaway Available",
          "Credit Card",
          "Delivery",
          "Dinner",
          "Indoor Seating",
          "Wifi",
          "Vegan Options",
          "Outdoor Seating",
          "Kid Friendly",
          "Gluten Free Options",
          "Vegetarian Friendly"
        ],
        "offers": [],
        "opentable_support": 0,
        "is_zomato_book_res": 0,
        "mezzo_provider": "OTHER",
        "is_book_form_web_view": 0,
        "book_form_web_view_url": "",
        "book_again_url": "",
        "thumb": "https:\/\/b.zmtcdn.com\/data\/res_imagery\/16589171_RESTAURANT_7725592d0dda75ff8249e9fb767059ad_c.jpg?fit=around%7C200%3A200&crop=200%3A200%3B%2A%2C%2A",
        "user_rating": {
          "aggregate_rating": "4.5",
          "rating_text": "Excellent",
          "rating_color": "3F7E00",
          "rating_obj": {
            "title": {
              "text": "4.5"
            },
            "bg_color": {
              "type": "lime",
              "tint": "700"
            }
          },
          "votes": 299
        },
        "all_reviews_count": 150,
        "photos_url": "https:\/\/www.zomato.com\/adelaide\/tony-tomatoes-north-adelaide\/photos?utm_source=api_basic_user&utm_medium=api&utm_campaign=v2.1#tabtop",
        "photo_count": 134,
        "menu_url": "https:\/\/www.zomato.com\/adelaide\/tony-tomatoes-north-adelaide\/menu?utm_source=api_basic_user&utm_medium=api&utm_campaign=v2.1&openSwipeBox=menu&showMinimal=1#tabtop",
        "featured_image": "https:\/\/b.zmtcdn.com\/data\/res_imagery\/16589171_RESTAURANT_7725592d0dda75ff8249e9fb767059ad_c.jpg",
        "medio_provider": false,
        "has_online_delivery": 0,
        "is_delivering_now": 0,
        "store_type": "",
        "include_bogo_offers": true,
        "deeplink": "zomato:\/\/restaurant\/16589171",
        "is_table_reservation_supported": 0,
        "has_table_booking": 0,
        "events_url": "https:\/\/www.zomato.com\/adelaide\/tony-tomatoes-north-adelaide\/events#tabtop?utm_source=api_basic_user&utm_medium=api&utm_campaign=v2.1",
        "phone_numbers": "(08) 8239 0080",
        "all_reviews": {
          "reviews": [
            {
              "review": []
            },
            {
              "review": []
            },
            {
              "review": []
            },
            {
              "review": []
            },
            {
              "review": []
            }
          ]
        },
        "establishment": [
          "Casual Dining"
        ],
        "establishment_types": []
      }
    },
    {
      "restaurant": {
        "R": {
          "res_id": 16587007,
          "is_grocery_store": false,
          "has_menu_status": {
            "delivery": -1,
            "takeaway": -1
          }
        },
        "apikey": "c1d331ff7e4dcfb200d33fa7efb9b184",
        "id": "16587007",
        "name": "La Trattoria",
        "url": "https:\/\/www.zomato.com\/adelaide\/la-trattoria-city-centre?utm_source=api_basic_user&utm_medium=api&utm_campaign=v2.1",
        "location": {
          "address": "346 King William Street, Adelaide",
          "locality": "King William Street, City Centre",
          "city": "Adelaide",
          "city_id": 297,
          "latitude": "-34.9323361111",
          "longitude": "138.6000222222",
          "zipcode": "5000",
          "country_id": 14,
          "locality_verbose": "King William Street, City Centre, Adelaide, SA"
        },
        "switch_to_order_menu": 0,
        "cuisines": "Italian, Pizza, Seafood",
        "timings": "12 Noon to 3 PM, 5 PM to 9 PM (Mon-Fri),5 PM to 9 PM (Sat-Sun)",
        "average_cost_for_two": 80,
        "price_range": 3,
        "currency": "$",
        "highlights": [
          "Credit Card",
          "Takeaway Available",
          "Dinner",
          "Delivery",
          "Lunch",
          "Catering Available",
          "Fullbar",
          "Outdoor Seating",
          "Vegetarian Friendly"
        ],
        "offers": [],
        "opentable_support": 0,
        "is_zomato_book_res": 0,
        "mezzo_provider": "OTHER",
        "is_book_form_web_view": 0,
        "book_form_web_view_url": "",
        "book_again_url": "",
        "thumb": "https:\/\/b.zmtcdn.com\/data\/res_imagery\/16587007_RESTAURANT_2bb985cb5b6b691000ad9c3f646c7870_c.JPG?fit=around%7C200%3A200&crop=200%3A200%3B%2A%2C%2A",
        "user_rating": {
          "aggregate_rating": "4.2",
          "rating_text": "Very Good",
          "rating_color": "5BA829",
          "rating_obj": {
            "title": {
              "text": "4.2"
            },
            "bg_color": {
              "type": "lime",
              "tint": "700"
            }
          },
          "votes": 437
        },
        "all_reviews_count": 159,
        "photos_url": "https:\/\/www.zomato.com\/adelaide\/la-trattoria-city-centre\/photos?utm_source=api_basic_user&utm_medium=api&utm_campaign=v2.1#tabtop",
        "photo_count": 69,
        "menu_url": "https:\/\/www.zomato.com\/adelaide\/la-trattoria-city-centre\/menu?utm_source=api_basic_user&utm_medium=api&utm_campaign=v2.1&openSwipeBox=menu&showMinimal=1#tabtop",
        "featured_image": "https:\/\/b.zmtcdn.com\/data\/res_imagery\/16587007_RESTAURANT_2bb985cb5b6b691000ad9c3f646c7870_c.JPG",
        "medio_provider": false,
        "has_online_delivery": 0,
        "is_delivering_now": 0,
        "store_type": "",
        "include_bogo_offers": true,
        "deeplink": "zomato:\/\/restaurant\/16587007",
        "is_table_reservation_supported": 0,
        "has_table_booking": 0,
        "events_url": "https:\/\/www.zomato.com\/adelaide\/la-trattoria-city-centre\/events#tabtop?utm_source=api_basic_user&utm_medium=api&utm_campaign=v2.1",
        "phone_numbers": "(08) 8212 3327",
        "all_reviews": {
          "reviews": [
            {
              "review": []
            },
            {
              "review": []
            },
            {
              "review": []
            },
            {
              "review": []
            },
            {
              "review": []
            }
          ]
        },
        "establishment": [
          "Casual Dining"
        ],
        "establishment_types": []
      }
    },
    {
      "restaurant": {
        "R": {
          "res_id": 16588235,
          "is_grocery_store": false,
          "has_menu_status": {
            "delivery": -1,
            "takeaway": -1
          }
        },
        "apikey": "c1d331ff7e4dcfb200d33fa7efb9b184",
        "id": "16588235",
        "name": "Argo on the Square",
        "url": "https:\/\/www.zomato.com\/adelaide\/argo-on-the-square-city-centre?utm_source=api_basic_user&utm_medium=api&utm_campaign=v2.1",
        "location": {
          "address": "4, 211 Victoria Square, Adelaide, City Centre, Adelaide",
          "locality": "City Centre",
          "city": "Adelaide",
          "city_id": 297,
          "latitude": "-34.9282878066",
          "longitude": "138.5993538424",
          "zipcode": "5000",
          "country_id": 14,
          "locality_verbose": "City Centre"
        },
        "switch_to_order_menu": 0,
        "cuisines": "Vegetarian, Coffee and Tea, Cafe Food",
        "timings": "6:30 AM to 4 PM (Mon-Fri),Closed (Sat-Sun)",
        "average_cost_for_two": 50,
        "price_range": 2,
        "currency": "$",
        "highlights": [
          "Cash",
          "Debit Card",
          "Takeaway Available",
          "Breakfast",
          "Lunch",
          "Credit Card",
          "Delivery",
          "No Alcohol Available",
          "Indoor Seating",
          "Pet Friendly",
          "Smoking Area",
          "Wifi",
          "Vegan Options",
          "Outdoor Seating",
          "Kid Friendly",
          "Wheelchair Accessible",
          "Gluten Free Options",
          "Vegetarian Friendly"
        ],
        "offers": [],
        "opentable_support": 0,
        "is_zomato_book_res": 0,
        "mezzo_provider": "OTHER",
        "is_book_form_web_view": 0,
        "book_form_web_view_url": "",
        "book_again_url": "",
        "thumb": "https:\/\/b.zmtcdn.com\/data\/res_imagery\/16588235_RESTAURANT_b967198e8ad716654f63ad48e97f71ce_c.jpg?fit=around%7C200%3A200&crop=200%3A200%3B%2A%2C%2A",
        "user_rating": {
          "aggregate_rating": "4.0",
          "rating_text": "Very Good",
          "rating_color": "5BA829",
          "rating_obj": {
            "title": {
              "text": "4.0"
            },
            "bg_color": {
              "type": "lime",
              "tint": "600"
            }
          },
          "votes": 157
        },
        "all_reviews_count": 65,
        "photos_url": "https:\/\/www.zomato.com\/adelaide\/argo-on-the-square-city-centre\/photos?utm_source=api_basic_user&utm_medium=api&utm_campaign=v2.1#tabtop",
        "photo_count": 106,
        "menu_url": "https:\/\/www.zomato.com\/adelaide\/argo-on-the-square-city-centre\/menu?utm_source=api_basic_user&utm_medium=api&utm_campaign=v2.1&openSwipeBox=menu&showMinimal=1#tabtop",
        "featured_image": "https:\/\/b.zmtcdn.com\/data\/res_imagery\/16588235_RESTAURANT_b967198e8ad716654f63ad48e97f71ce_c.jpg",
        "medio_provider": false,
        "has_online_delivery": 0,
        "is_delivering_now": 0,
        "store_type": "",
        "include_bogo_offers": true,
        "deeplink": "zomato:\/\/restaurant\/16588235",
        "is_table_reservation_supported": 0,
        "has_table_booking": 0,
        "events_url": "https:\/\/www.zomato.com\/adelaide\/argo-on-the-square-city-centre\/events#tabtop?utm_source=api_basic_user&utm_medium=api&utm_campaign=v2.1",
        "phone_numbers": "(08) 8410 3331",
        "all_reviews": {
          "reviews": [
            {
              "review": []
            },
            {
              "review": []
            },
            {
              "review": []
            },
            {
              "review": []
            },
            {
              "review": []
            }
          ]
        },
        "establishment": [
          "Caf\u00e9"
        ],
        "establishment_types": []
      }
    },
    {
      "restaurant": {
        "R": {
          "res_id": 18282070,
          "is_grocery_store": false,
          "has_menu_status": {
            "delivery": -1,
            "takeaway": -1
          }
        },
        "apikey": "c1d331ff7e4dcfb200d33fa7efb9b184",
        "id": "18282070",
        "name": "Gyoza Gyoza",
        "url": "https:\/\/www.zomato.com\/adelaide\/gyoza-gyoza-city-centre?utm_source=api_basic_user&utm_medium=api&utm_campaign=v2.1",
        "location": {
          "address": "95-97, Gouger Street, City Centre, Adelaide",
          "locality": "Gouger Street, City Centre",
          "city": "Adelaide",
          "city_id": 297,
          "latitude": "-34.9306170000",
          "longitude": "138.5935453000",
          "zipcode": "",
          "country_id": 14,
          "locality_verbose": "Gouger Street, City Centre, Adelaide, SA"
        },
        "switch_to_order_menu": 0,
        "cuisines": "Japanese",
        "timings": "11:30AM to 10:30PM (Mon, Tue, Wed, Thu, Sun), 11:30AM to 12Midnight (Fri-Sat)",
        "average_cost_for_two": 35,
        "price_range": 2,
        "currency": "$",
        "highlights": [
          "Cash",
          "Debit Card",
          "Delivery",
          "Dinner",
          "Credit Card",
          "Takeaway Available",
          "Lunch",
          "Indoor Seating",
          "Smoking Area",
          "Gluten Free Options",
          "Locally Sourced",
          "Wine",
          "Serves Cocktails",
          "Street Parking",
          "Available for Functions",
          "Outdoor Seating",
          "Kid Friendly",
          "Wheelchair Accessible",
          "Vegetarian Friendly",
          "Fullbar",
          "Beer"
        ],
        "offers": [],
        "opentable_support": 0,
        "is_zomato_book_res": 0,
        "mezzo_provider": "OTHER",
        "is_book_form_web_view": 0,
        "book_form_web_view_url": "",
        "book_again_url": "",
        "thumb": "https:\/\/b.zmtcdn.com\/data\/res_imagery\/18282070_RESTAURANT_137610b98c1dbec59d2f8eaef7a0e792.png?fit=around%7C200%3A200&crop=200%3A200%3B%2A%2C%2A",
        "user_rating": {
          "aggregate_rating": "3.6",
          "rating_text": "Good",
          "rating_color": "9ACD32",
          "rating_obj": {
            "title": {
              "text": "3.6"
            },
            "bg_color": {
              "type": "lime",
              "tint": "600"
            }
          },
          "votes": 176
        },
        "all_reviews_count": 110,
        "photos_url": "https:\/\/www.zomato.com\/adelaide\/gyoza-gyoza-city-centre\/photos?utm_source=api_basic_user&utm_medium=api&utm_campaign=v2.1#tabtop",
        "photo_count": 191,
        "menu_url": "https:\/\/www.zomato.com\/adelaide\/gyoza-gyoza-city-centre\/menu?utm_source=api_basic_user&utm_medium=api&utm_campaign=v2.1&openSwipeBox=menu&showMinimal=1#tabtop",
        "featured_image": "https:\/\/b.zmtcdn.com\/data\/res_imagery\/18282070_RESTAURANT_137610b98c1dbec59d2f8eaef7a0e792.png",
        "medio_provider": false,
        "has_online_delivery": 0,
        "is_delivering_now": 0,
        "store_type": "",
        "include_bogo_offers": true,
        "deeplink": "zomato:\/\/restaurant\/18282070",
        "is_table_reservation_supported": 0,
        "has_table_booking": 0,
        "events_url": "https:\/\/www.zomato.com\/adelaide\/gyoza-gyoza-city-centre\/events#tabtop?utm_source=api_basic_user&utm_medium=api&utm_campaign=v2.1",
        "phone_numbers": "08 7226 8983",
        "all_reviews": {
          "reviews": [
            {
              "review": []
            },
            {
              "review": []
            },
            {
              "review": []
            },
            {
              "review": []
            },
            {
              "review": []
            }
          ]
        },
        "establishment": [
          "Casual Dining"
        ],
        "establishment_types": []
      }
    },
    {
      "restaurant": {
        "R": {
          "res_id": 16587722,
          "is_grocery_store": false,
          "has_menu_status": {
            "delivery": -1,
            "takeaway": -1
          }
        },
        "apikey": "c1d331ff7e4dcfb200d33fa7efb9b184",
        "id": "16587722",
        "name": "The Ghan Kebab House",
        "url": "https:\/\/www.zomato.com\/adelaide\/the-ghan-kebab-house-blair-athol?utm_source=api_basic_user&utm_medium=api&utm_campaign=v2.1",
        "location": {
          "address": "364 Prospect Road, Kilburn",
          "locality": "Prospect Road, Blair Athol",
          "city": "Adelaide",
          "city_id": 297,
          "latitude": "-34.8658944444",
          "longitude": "138.5925138889",
          "zipcode": "5084",
          "country_id": 14,
          "locality_verbose": "Prospect Road, Blair Athol, Adelaide, SA"
        },
        "switch_to_order_menu": 0,
        "cuisines": "Middle Eastern, Afghan",
        "timings": "12 Noon to 10 PM (Mon-Sun)",
        "average_cost_for_two": 50,
        "price_range": 2,
        "currency": "$",
        "highlights": [
          "Takeaway Available",
          "Dinner",
          "Delivery",
          "Lunch",
          "Indoor Seating"
        ],
        "offers": [],
        "opentable_support": 0,
        "is_zomato_book_res": 0,
        "mezzo_provider": "OTHER",
        "is_book_form_web_view": 0,
        "book_form_web_view_url": "",
        "book_again_url": "",
        "thumb": "https:\/\/b.zmtcdn.com\/data\/res_imagery\/16587722_RESTAURANT_133e287e2e4c1b3af9ae05482305dcf5.jpg?fit=around%7C200%3A200&crop=200%3A200%3B%2A%2C%2A",
        "user_rating": {
          "aggregate_rating": "4.5",
          "rating_text": "Excellent",
          "rating_color": "3F7E00",
          "rating_obj": {
            "title": {
              "text": "4.5"
            },
            "bg_color": {
              "type": "lime",
              "tint": "700"
            }
          },
          "votes": 177
        },
        "all_reviews_count": 73,
        "photos_url": "https:\/\/www.zomato.com\/adelaide\/the-ghan-kebab-house-blair-athol\/photos?utm_source=api_basic_user&utm_medium=api&utm_campaign=v2.1#tabtop",
        "photo_count": 60,
        "menu_url": "https:\/\/www.zomato.com\/adelaide\/the-ghan-kebab-house-blair-athol\/menu?utm_source=api_basic_user&utm_medium=api&utm_campaign=v2.1&openSwipeBox=menu&showMinimal=1#tabtop",
        "featured_image": "https:\/\/b.zmtcdn.com\/data\/res_imagery\/16587722_RESTAURANT_133e287e2e4c1b3af9ae05482305dcf5.jpg",
        "medio_provider": false,
        "has_online_delivery": 0,
        "is_delivering_now": 0,
        "store_type": "",
        "include_bogo_offers": true,
        "deeplink": "zomato:\/\/restaurant\/16587722",
        "is_table_reservation_supported": 0,
        "has_table_booking": 0,
        "events_url": "https:\/\/www.zomato.com\/adelaide\/the-ghan-kebab-house-blair-athol\/events#tabtop?utm_source=api_basic_user&utm_medium=api&utm_campaign=v2.1",
        "phone_numbers": "(08) 8262 4042",
        "all_reviews": {
          "reviews": [
            {
              "review": []
            },
            {
              "review": []
            },
            {
              "review": []
            },
            {
              "review": []
            },
            {
              "review": []
            }
          ]
        },
        "establishment": [
          "Casual Dining"
        ],
        "establishment_types": []
      }
    },
    {
      "restaurant": {
        "R": {
          "res_id": 16587020,
          "is_grocery_store": false,
          "has_menu_status": {
            "delivery": -1,
            "takeaway": -1
          }
        },
        "apikey": "c1d331ff7e4dcfb200d33fa7efb9b184",
        "id": "16587020",
        "name": "The Lion Hotel",
        "url": "https:\/\/www.zomato.com\/adelaide\/the-lion-hotel-north-adelaide?utm_source=api_basic_user&utm_medium=api&utm_campaign=v2.1",
        "location": {
          "address": "161 Melbourne Street, North Adelaide, Adelaide",
          "locality": "Melbourne Street, North Adelaide",
          "city": "Adelaide",
          "city_id": 297,
          "latitude": "-34.9079445225",
          "longitude": "138.6058836803",
          "zipcode": "5006",
          "country_id": 14,
          "locality_verbose": "Melbourne Street, North Adelaide, Adelaide, SA"
        },
        "switch_to_order_menu": 0,
        "cuisines": "Modern Australian, Pub Food",
        "timings": "7:30 AM to 12 Midnight (Mon-Sun)",
        "average_cost_for_two": 80,
        "price_range": 3,
        "currency": "$",
        "highlights": [
          "Dinner",
          "Credit Card",
          "Takeaway Available",
          "Lunch",
          "Cash",
          "Delivery",
          "Breakfast",
          "Lunch Menu",
          "Fullbar",
          "Live Music",
          "Kid Friendly",
          "Wifi",
          "Vegetarian Friendly",
          "Nightlife",
          "Table booking recommended",
          "Outdoor Seating",
          "Smoking Area",
          "Gluten Free Options"
        ],
        "offers": [],
        "opentable_support": 0,
        "is_zomato_book_res": 0,
        "mezzo_provider": "OTHER",
        "is_book_form_web_view": 0,
        "book_form_web_view_url": "",
        "book_again_url": "",
        "thumb": "https:\/\/b.zmtcdn.com\/data\/res_imagery\/16587020_RESTAURANT_72384149a8ff54d0e5b930a83d23253a_c.JPG?fit=around%7C200%3A200&crop=200%3A200%3B%2A%2C%2A",
        "user_rating": {
          "aggregate_rating": "4.1",
          "rating_text": "Very Good",
          "rating_color": "5BA829",
          "rating_obj": {
            "title": {
              "text": "4.1"
            },
            "bg_color": {
              "type": "lime",
              "tint": "700"
            }
          },
          "votes": 305
        },
        "all_reviews_count": 117,
        "photos_url": "https:\/\/www.zomato.com\/adelaide\/the-lion-hotel-north-adelaide\/photos?utm_source=api_basic_user&utm_medium=api&utm_campaign=v2.1#tabtop",
        "photo_count": 125,
        "menu_url": "https:\/\/www.zomato.com\/adelaide\/the-lion-hotel-north-adelaide\/menu?utm_source=api_basic_user&utm_medium=api&utm_campaign=v2.1&openSwipeBox=menu&showMinimal=1#tabtop",
        "featured_image": "https:\/\/b.zmtcdn.com\/data\/res_imagery\/16587020_RESTAURANT_72384149a8ff54d0e5b930a83d23253a_c.JPG",
        "medio_provider": false,
        "has_online_delivery": 0,
        "is_delivering_now": 0,
        "store_type": "",
        "include_bogo_offers": true,
        "deeplink": "zomato:\/\/restaurant\/16587020",
        "is_table_reservation_supported": 0,
        "has_table_booking": 0,
        "events_url": "https:\/\/www.zomato.com\/adelaide\/the-lion-hotel-north-adelaide\/events#tabtop?utm_source=api_basic_user&utm_medium=api&utm_campaign=v2.1",
        "phone_numbers": "08 8367 0222",
        "all_reviews": {
          "reviews": [
            {
              "review": []
            },
            {
              "review": []
            },
            {
              "review": []
            },
            {
              "review": []
            },
            {
              "review": []
            }
          ]
        },
        "establishment": [
          "Pub"
        ],
        "establishment_types": []
      }
    },
    {
      "restaurant": {
        "R": {
          "res_id": 16589012,
          "is_grocery_store": false,
          "has_menu_status": {
            "delivery": -1,
            "takeaway": -1
          }
        },
        "apikey": "c1d331ff7e4dcfb200d33fa7efb9b184",
        "id": "16589012",
        "name": "Burger Republic",
        "url": "https:\/\/www.zomato.com\/adelaide\/burger-republic-hyde-park?utm_source=api_basic_user&utm_medium=api&utm_campaign=v2.1",
        "location": {
          "address": "110 King William Road, Hyde Park",
          "locality": "King William Road, Hyde Park",
          "city": "Adelaide",
          "city_id": 297,
          "latitude": "-34.9527250000",
          "longitude": "138.5998527778",
          "zipcode": "5061",
          "country_id": 14,
          "locality_verbose": "King William Road, Hyde Park, Adelaide, SA"
        },
        "switch_to_order_menu": 0,
        "cuisines": "Burger, American",
        "timings": "11:30am \u2013 9pm (Mon-Sun)",
        "average_cost_for_two": 40,
        "price_range": 2,
        "currency": "$",
        "highlights": [
          "Takeaway Available",
          "Lunch",
          "Credit Card",
          "Delivery",
          "Dinner",
          "Wifi",
          "Vegetarian Friendly",
          "Kid Friendly",
          "Wheelchair Accessible",
          "Gluten Free Options",
          "Fullbar",
          "Indoor Seating"
        ],
        "offers": [],
        "opentable_support": 0,
        "is_zomato_book_res": 0,
        "mezzo_provider": "OTHER",
        "is_book_form_web_view": 0,
        "book_form_web_view_url": "",
        "book_again_url": "",
        "thumb": "https:\/\/b.zmtcdn.com\/data\/pictures\/2\/16589012\/2f25c4ebfef7544a8719931e7dc20882.jpg?fit=around%7C200%3A200&crop=200%3A200%3B%2A%2C%2A",
        "user_rating": {
          "aggregate_rating": "4.2",
          "rating_text": "Very Good",
          "rating_color": "5BA829",
          "rating_obj": {
            "title": {
              "text": "4.2"
            },
            "bg_color": {
              "type": "lime",
              "tint": "700"
            }
          },
          "votes": 194
        },
        "all_reviews_count": 93,
        "photos_url": "https:\/\/www.zomato.com\/adelaide\/burger-republic-hyde-park\/photos?utm_source=api_basic_user&utm_medium=api&utm_campaign=v2.1#tabtop",
        "photo_count": 64,
        "menu_url": "https:\/\/www.zomato.com\/adelaide\/burger-republic-hyde-park\/menu?utm_source=api_basic_user&utm_medium=api&utm_campaign=v2.1&openSwipeBox=menu&showMinimal=1#tabtop",
        "featured_image": "https:\/\/b.zmtcdn.com\/data\/pictures\/2\/16589012\/2f25c4ebfef7544a8719931e7dc20882.jpg",
        "medio_provider": false,
        "has_online_delivery": 0,
        "is_delivering_now": 0,
        "store_type": "",
        "include_bogo_offers": true,
        "deeplink": "zomato:\/\/restaurant\/16589012",
        "is_table_reservation_supported": 0,
        "has_table_booking": 0,
        "events_url": "https:\/\/www.zomato.com\/adelaide\/burger-republic-hyde-park\/events#tabtop?utm_source=api_basic_user&utm_medium=api&utm_campaign=v2.1",
        "phone_numbers": "08 8357 0810",
        "all_reviews": {
          "reviews": [
            {
              "review": []
            },
            {
              "review": []
            },
            {
              "review": []
            },
            {
              "review": []
            },
            {
              "review": []
            }
          ]
        },
        "establishment": [
          "Casual Dining"
        ],
        "establishment_types": []
      }
    },
    {
      "restaurant": {
        "R": {
          "res_id": 17841298,
          "is_grocery_store": false,
          "has_menu_status": {
            "delivery": -1,
            "takeaway": -1
          }
        },
        "apikey": "c1d331ff7e4dcfb200d33fa7efb9b184",
        "id": "17841298",
        "name": "PappaRich",
        "url": "https:\/\/www.zomato.com\/adelaide\/papparich-city-centre?utm_source=api_basic_user&utm_medium=api&utm_campaign=v2.1",
        "location": {
          "address": "116-116A Gouger Street, Adelaide, South Australia 5000 Australia",
          "locality": "Gouger Street, City Centre",
          "city": "Adelaide",
          "city_id": 297,
          "latitude": "-34.9300880000",
          "longitude": "138.5950630000",
          "zipcode": "5000",
          "country_id": 14,
          "locality_verbose": "Gouger Street, City Centre, Adelaide, SA"
        },
        "switch_to_order_menu": 0,
        "cuisines": "Malaysian",
        "timings": "11am \u2013 3pm, 5pm \u2013 9:30pm (Mon-Thu),11am \u2013 10pm (Fri-Sat),11am \u2013 9:30pm (Sun)",
        "average_cost_for_two": 60,
        "price_range": 3,
        "currency": "$",
        "highlights": [
          "Debit Card",
          "No Alcohol Available",
          "Dinner",
          "Cash",
          "Delivery",
          "Lunch",
          "Takeaway Available",
          "Credit Card",
          "Outdoor Seating",
          "Vegetarian Friendly",
          "Indoor Seating",
          "Table booking recommended",
          "Wifi"
        ],
        "offers": [],
        "opentable_support": 0,
        "is_zomato_book_res": 0,
        "mezzo_provider": "OTHER",
        "is_book_form_web_view": 0,
        "book_form_web_view_url": "",
        "book_again_url": "",
        "thumb": "",
        "user_rating": {
          "aggregate_rating": "3.5",
          "rating_text": "Good",
          "rating_color": "9ACD32",
          "rating_obj": {
            "title": {
              "text": "3.5"
            },
            "bg_color": {
              "type": "lime",
              "tint": "500"
            }
          },
          "votes": 188
        },
        "all_reviews_count": 93,
        "photos_url": "https:\/\/www.zomato.com\/adelaide\/papparich-city-centre\/photos?utm_source=api_basic_user&utm_medium=api&utm_campaign=v2.1#tabtop",
        "photo_count": 122,
        "menu_url": "https:\/\/www.zomato.com\/adelaide\/papparich-city-centre\/menu?utm_source=api_basic_user&utm_medium=api&utm_campaign=v2.1&openSwipeBox=menu&showMinimal=1#tabtop",
        "featured_image": "",
        "medio_provider": false,
        "has_online_delivery": 0,
        "is_delivering_now": 0,
        "store_type": "",
        "include_bogo_offers": true,
        "deeplink": "zomato:\/\/restaurant\/17841298",
        "is_table_reservation_supported": 0,
        "has_table_booking": 0,
        "events_url": "https:\/\/www.zomato.com\/adelaide\/papparich-city-centre\/events#tabtop?utm_source=api_basic_user&utm_medium=api&utm_campaign=v2.1",
        "phone_numbers": "08 7225 9991",
        "all_reviews": {
          "reviews": [
            {
              "review": []
            },
            {
              "review": []
            },
            {
              "review": []
            },
            {
              "review": []
            },
            {
              "review": []
            }
          ]
        },
        "establishment": [
          "Casual Dining"
        ],
        "establishment_types": []
      }
    },
    {
      "restaurant": {
        "R": {
          "res_id": 16586796,
          "is_grocery_store": false,
          "has_menu_status": {
            "delivery": -1,
            "takeaway": -1
          }
        },
        "apikey": "c1d331ff7e4dcfb200d33fa7efb9b184",
        "id": "16586796",
        "name": "Beyond India",
        "url": "https:\/\/www.zomato.com\/adelaide\/beyond-india-north-adelaide?utm_source=api_basic_user&utm_medium=api&utm_campaign=v2.1",
        "location": {
          "address": "170 O'Connell Street, North Adelaide, Adelaide",
          "locality": "O'connell Street, North Adelaide",
          "city": "Adelaide",
          "city_id": 297,
          "latitude": "-34.9037861111",
          "longitude": "138.5951388889",
          "zipcode": "5006",
          "country_id": 14,
          "locality_verbose": "O'connell Street, North Adelaide, Adelaide, SA"
        },
        "switch_to_order_menu": 0,
        "cuisines": "Indian",
        "timings": "12 Noon to 3 PM, 5 PM to 11 PM (Mon-Sun)",
        "average_cost_for_two": 70,
        "price_range": 3,
        "currency": "$",
        "highlights": [
          "Credit Card",
          "Delivery",
          "Lunch",
          "Takeaway Available",
          "Dinner",
          "Vegetarian Friendly",
          "Outdoor Seating",
          "Fullbar"
        ],
        "offers": [],
        "opentable_support": 0,
        "is_zomato_book_res": 0,
        "mezzo_provider": "OTHER",
        "is_book_form_web_view": 0,
        "book_form_web_view_url": "",
        "book_again_url": "",
        "thumb": "https:\/\/b.zmtcdn.com\/data\/res_imagery\/16586796_RESTAURANT_b07a0c240fa5d57d3f52c57b06201294_c.jpg?fit=around%7C200%3A200&crop=200%3A200%3B%2A%2C%2A",
        "user_rating": {
          "aggregate_rating": "4.3",
          "rating_text": "Very Good",
          "rating_color": "5BA829",
          "rating_obj": {
            "title": {
              "text": "4.3"
            },
            "bg_color": {
              "type": "lime",
              "tint": "700"
            }
          },
          "votes": 230
        },
        "all_reviews_count": 80,
        "photos_url": "https:\/\/www.zomato.com\/adelaide\/beyond-india-north-adelaide\/photos?utm_source=api_basic_user&utm_medium=api&utm_campaign=v2.1#tabtop",
        "photo_count": 62,
        "menu_url": "https:\/\/www.zomato.com\/adelaide\/beyond-india-north-adelaide\/menu?utm_source=api_basic_user&utm_medium=api&utm_campaign=v2.1&openSwipeBox=menu&showMinimal=1#tabtop",
        "featured_image": "https:\/\/b.zmtcdn.com\/data\/res_imagery\/16586796_RESTAURANT_b07a0c240fa5d57d3f52c57b06201294_c.jpg",
        "medio_provider": false,
        "has_online_delivery": 0,
        "is_delivering_now": 0,
        "store_type": "",
        "include_bogo_offers": true,
        "deeplink": "zomato:\/\/restaurant\/16586796",
        "is_table_reservation_supported": 0,
        "has_table_booking": 0,
        "events_url": "https:\/\/www.zomato.com\/adelaide\/beyond-india-north-adelaide\/events#tabtop?utm_source=api_basic_user&utm_medium=api&utm_campaign=v2.1",
        "phone_numbers": "(08) 8267 3820",
        "all_reviews": {
          "reviews": [
            {
              "review": []
            },
            {
              "review": []
            },
            {
              "review": []
            },
            {
              "review": []
            },
            {
              "review": []
            }
          ]
        },
        "establishment": [
          "Casual Dining"
        ],
        "establishment_types": []
      }
    },
    {
      "restaurant": {
        "R": {
          "res_id": 16587127,
          "is_grocery_store": false,
          "has_menu_status": {
            "delivery": -1,
            "takeaway": -1
          }
        },
        "apikey": "c1d331ff7e4dcfb200d33fa7efb9b184",
        "id": "16587127",
        "name": "Raj on Taj Hyde Park",
        "url": "https:\/\/www.zomato.com\/adelaide\/raj-on-taj-hyde-park-unley?utm_source=api_basic_user&utm_medium=api&utm_campaign=v2.1",
        "location": {
          "address": "109, King William Road, Hyde Park , Unley, Adelaide",
          "locality": "King William Road, Wayville",
          "city": "Adelaide",
          "city_id": 297,
          "latitude": "-34.9505387340",
          "longitude": "138.5999305174",
          "zipcode": "5061",
          "country_id": 14,
          "locality_verbose": "King William Road, Wayville, Adelaide, SA"
        },
        "switch_to_order_menu": 0,
        "cuisines": "Indian",
        "timings": "5 PM to 10 PM",
        "average_cost_for_two": 70,
        "price_range": 3,
        "currency": "$",
        "highlights": [
          "Credit Card",
          "Takeaway Available",
          "Dinner",
          "Delivery",
          "Indoor Seating",
          "Vegan Options",
          "Outdoor Seating",
          "Kid Friendly",
          "Gluten Free Options",
          "Vegetarian Friendly",
          "Fullbar",
          "Table booking recommended"
        ],
        "offers": [],
        "opentable_support": 0,
        "is_zomato_book_res": 0,
        "mezzo_provider": "OTHER",
        "is_book_form_web_view": 0,
        "book_form_web_view_url": "",
        "book_again_url": "",
        "thumb": "https:\/\/b.zmtcdn.com\/data\/res_imagery\/16587127_RESTAURANT_679e2ddc2b062217b1ca1b77f1f77d06_c.jpg?fit=around%7C200%3A200&crop=200%3A200%3B%2A%2C%2A",
        "user_rating": {
          "aggregate_rating": "4.1",
          "rating_text": "Very Good",
          "rating_color": "5BA829",
          "rating_obj": {
            "title": {
              "text": "4.1"
            },
            "bg_color": {
              "type": "lime",
              "tint": "700"
            }
          },
          "votes": 276
        },
        "all_reviews_count": 77,
        "photos_url": "https:\/\/www.zomato.com\/adelaide\/raj-on-taj-hyde-park-unley\/photos?utm_source=api_basic_user&utm_medium=api&utm_campaign=v2.1#tabtop",
        "photo_count": 10,
        "menu_url": "https:\/\/www.zomato.com\/adelaide\/raj-on-taj-hyde-park-unley\/menu?utm_source=api_basic_user&utm_medium=api&utm_campaign=v2.1&openSwipeBox=menu&showMinimal=1#tabtop",
        "featured_image": "https:\/\/b.zmtcdn.com\/data\/res_imagery\/16587127_RESTAURANT_679e2ddc2b062217b1ca1b77f1f77d06_c.jpg",
        "medio_provider": false,
        "has_online_delivery": 0,
        "is_delivering_now": 0,
        "store_type": "",
        "include_bogo_offers": true,
        "deeplink": "zomato:\/\/restaurant\/16587127",
        "is_table_reservation_supported": 0,
        "has_table_booking": 0,
        "events_url": "https:\/\/www.zomato.com\/adelaide\/raj-on-taj-hyde-park-unley\/events#tabtop?utm_source=api_basic_user&utm_medium=api&utm_campaign=v2.1",
        "phone_numbers": "08 8172 1177, 08 8271 7755",
        "all_reviews": {
          "reviews": [
            {
              "review": []
            },
            {
              "review": []
            },
            {
              "review": []
            },
            {
              "review": []
            },
            {
              "review": []
            }
          ]
        },
        "establishment": [
          "Casual Dining"
        ],
        "establishment_types": []
      }
    },
    {
      "restaurant": {
        "R": {
          "res_id": 16586827,
          "is_grocery_store": false,
          "has_menu_status": {
            "delivery": -1,
            "takeaway": -1
          }
        },
        "apikey": "c1d331ff7e4dcfb200d33fa7efb9b184",
        "id": "16586827",
        "name": "Cafe Brunelli",
        "url": "https:\/\/www.zomato.com\/adelaide\/cafe-brunelli-city-centre?utm_source=api_basic_user&utm_medium=api&utm_campaign=v2.1",
        "location": {
          "address": "187 Rundle Street, Adelaide, City Centre, Adelaide",
          "locality": "Rundle Street, City Centre",
          "city": "Adelaide",
          "city_id": 297,
          "latitude": "-34.9226956793",
          "longitude": "138.6067520455",
          "zipcode": "5000",
          "country_id": 14,
          "locality_verbose": "Rundle Street, City Centre, Adelaide, SA"
        },
        "switch_to_order_menu": 0,
        "cuisines": "Italian, Coffee and Tea, Cafe Food",
        "timings": "24 Hours (Mon-Sun)",
        "average_cost_for_two": 65,
        "price_range": 3,
        "currency": "$",
        "highlights": [
          "Cash",
          "Debit Card",
          "Takeaway Available",
          "Dinner",
          "Credit Card",
          "Delivery",
          "Breakfast",
          "Lunch",
          "Indoor Seating",
          "Wheelchair Accessible",
          "Vegetarian Friendly",
          "Fullbar",
          "Table booking recommended",
          "Wifi",
          "BYO",
          "Outdoor Seating",
          "Kid Friendly",
          "Gluten Free Options"
        ],
        "offers": [],
        "opentable_support": 0,
        "is_zomato_book_res": 0,
        "mezzo_provider": "OTHER",
        "is_book_form_web_view": 0,
        "book_form_web_view_url": "",
        "book_again_url": "",
        "thumb": "https:\/\/b.zmtcdn.com\/data\/pictures\/1\/19295241\/e56cf8f986542f606fe2b017814c15bc.jpg?fit=around%7C200%3A200&crop=200%3A200%3B%2A%2C%2A",
        "user_rating": {
          "aggregate_rating": "2.5",
          "rating_text": "Average",
          "rating_color": "FFBA00",
          "rating_obj": {
            "title": {
              "text": "2.5"
            },
            "bg_color": {
              "type": "orange",
              "tint": "400"
            }
          },
          "votes": 280
        },
        "all_reviews_count": 143,
        "photos_url": "https:\/\/www.zomato.com\/adelaide\/cafe-brunelli-city-centre\/photos?utm_source=api_basic_user&utm_medium=api&utm_campaign=v2.1#tabtop",
        "photo_count": 63,
        "menu_url": "https:\/\/www.zomato.com\/adelaide\/cafe-brunelli-city-centre\/menu?utm_source=api_basic_user&utm_medium=api&utm_campaign=v2.1&openSwipeBox=menu&showMinimal=1#tabtop",
        "featured_image": "https:\/\/b.zmtcdn.com\/data\/pictures\/1\/19295241\/e56cf8f986542f606fe2b017814c15bc.jpg",
        "medio_provider": false,
        "has_online_delivery": 0,
        "is_delivering_now": 0,
        "store_type": "",
        "include_bogo_offers": true,
        "deeplink": "zomato:\/\/restaurant\/16586827",
        "is_table_reservation_supported": 0,
        "has_table_booking": 0,
        "events_url": "https:\/\/www.zomato.com\/adelaide\/cafe-brunelli-city-centre\/events#tabtop?utm_source=api_basic_user&utm_medium=api&utm_campaign=v2.1",
        "phone_numbers": "(08) 8223 2221",
        "all_reviews": {
          "reviews": [
            {
              "review": []
            },
            {
              "review": []
            },
            {
              "review": []
            },
            {
              "review": []
            },
            {
              "review": []
            }
          ]
        },
        "establishment": [
          "Caf\u00e9"
        ],
        "establishment_types": []
      }
    },
    {
      "restaurant": {
        "R": {
          "res_id": 16587850,
          "is_grocery_store": false,
          "has_menu_status": {
            "delivery": -1,
            "takeaway": -1
          }
        },
        "apikey": "c1d331ff7e4dcfb200d33fa7efb9b184",
        "id": "16587850",
        "name": "Burger Foundry",
        "url": "https:\/\/www.zomato.com\/adelaide\/burger-foundry-saint-morris?utm_source=api_basic_user&utm_medium=api&utm_campaign=v2.1",
        "location": {
          "address": "367 Magill Road, St Morris",
          "locality": "Magill Road, Saint Morris",
          "city": "Adelaide",
          "city_id": 297,
          "latitude": "-34.9142388889",
          "longitude": "138.6515055556",
          "zipcode": "5068",
          "country_id": 14,
          "locality_verbose": "Magill Road, Saint Morris, Adelaide, SA"
        },
        "switch_to_order_menu": 0,
        "cuisines": "American, Burger",
        "timings": "11:30 AM to 9 PM (Mon-Sun)",
        "average_cost_for_two": 40,
        "price_range": 2,
        "currency": "$",
        "highlights": [
          "Credit Card",
          "Takeaway Available",
          "Lunch",
          "Delivery",
          "Dinner",
          "Indoor Seating",
          "Wifi",
          "Vegan Options",
          "Outdoor Seating",
          "Kid Friendly",
          "Gluten Free Options",
          "Vegetarian Friendly"
        ],
        "offers": [],
        "opentable_support": 0,
        "is_zomato_book_res": 0,
        "mezzo_provider": "OTHER",
        "is_book_form_web_view": 0,
        "book_form_web_view_url": "",
        "book_again_url": "",
        "thumb": "https:\/\/b.zmtcdn.com\/data\/res_imagery\/16587850_RESTAURANT_db2628709363014d22cc60741310881f_c.jpg?fit=around%7C200%3A200&crop=200%3A200%3B%2A%2C%2A",
        "user_rating": {
          "aggregate_rating": "3.2",
          "rating_text": "Average",
          "rating_color": "CDD614",
          "rating_obj": {
            "title": {
              "text": "3.2"
            },
            "bg_color": {
              "type": "lime",
              "tint": "500"
            }
          },
          "votes": 266
        },
        "all_reviews_count": 115,
        "photos_url": "https:\/\/www.zomato.com\/adelaide\/burger-foundry-saint-morris\/photos?utm_source=api_basic_user&utm_medium=api&utm_campaign=v2.1#tabtop",
        "photo_count": 33,
        "menu_url": "https:\/\/www.zomato.com\/adelaide\/burger-foundry-saint-morris\/menu?utm_source=api_basic_user&utm_medium=api&utm_campaign=v2.1&openSwipeBox=menu&showMinimal=1#tabtop",
        "featured_image": "https:\/\/b.zmtcdn.com\/data\/res_imagery\/16587850_RESTAURANT_db2628709363014d22cc60741310881f_c.jpg?output-format=webp",
        "medio_provider": false,
        "has_online_delivery": 0,
        "is_delivering_now": 0,
        "store_type": "",
        "include_bogo_offers": true,
        "deeplink": "zomato:\/\/restaurant\/16587850",
        "is_table_reservation_supported": 0,
        "has_table_booking": 0,
        "events_url": "https:\/\/www.zomato.com\/adelaide\/burger-foundry-saint-morris\/events#tabtop?utm_source=api_basic_user&utm_medium=api&utm_campaign=v2.1",
        "phone_numbers": "(08) 8333 2735",
        "all_reviews": {
          "reviews": [
            {
              "review": []
            },
            {
              "review": []
            },
            {
              "review": []
            },
            {
              "review": []
            },
            {
              "review": []
            }
          ]
        },
        "establishment": [
          "Casual Dining"
        ],
        "establishment_types": []
      }
    },
    {
      "restaurant": {
        "R": {
          "res_id": 16588050,
          "is_grocery_store": false,
          "has_menu_status": {
            "delivery": -1,
            "takeaway": -1
          }
        },
        "apikey": "c1d331ff7e4dcfb200d33fa7efb9b184",
        "id": "16588050",
        "name": "Sugar Shack",
        "url": "https:\/\/www.zomato.com\/adelaide\/sugar-shack-norwood?utm_source=api_basic_user&utm_medium=api&utm_campaign=v2.1",
        "location": {
          "address": "224 The Parade, Norwood",
          "locality": "Norwood",
          "city": "Adelaide",
          "city_id": 297,
          "latitude": "-34.9209244709",
          "longitude": "138.6382851005",
          "zipcode": "5067",
          "country_id": 14,
          "locality_verbose": "Norwood"
        },
        "switch_to_order_menu": 0,
        "cuisines": "American, Burger",
        "timings": "11:30 AM to 10 PM (Mon-Thu),10 AM to 11 PM (Fri-Sat),11:30 AM to 9:30 PM (Sun)",
        "average_cost_for_two": 50,
        "price_range": 2,
        "currency": "$",
        "highlights": [
          "Cash",
          "Debit Card",
          "Takeaway Available",
          "Lunch",
          "Credit Card",
          "Delivery",
          "No Alcohol Available",
          "Dinner",
          "Indoor Seating",
          "Vegetarian Friendly",
          "Outdoor Seating",
          "Kid Friendly",
          "Gluten Free Options"
        ],
        "offers": [],
        "opentable_support": 0,
        "is_zomato_book_res": 0,
        "mezzo_provider": "OTHER",
        "is_book_form_web_view": 0,
        "book_form_web_view_url": "",
        "book_again_url": "",
        "thumb": "https:\/\/b.zmtcdn.com\/data\/res_imagery\/16588050_RESTAURANT_d69e102f3f6f540bd5ebc8b2ba01e67c.jpg?fit=around%7C200%3A200&crop=200%3A200%3B%2A%2C%2A",
        "user_rating": {
          "aggregate_rating": "3.5",
          "rating_text": "Good",
          "rating_color": "9ACD32",
          "rating_obj": {
            "title": {
              "text": "3.5"
            },
            "bg_color": {
              "type": "lime",
              "tint": "500"
            }
          },
          "votes": 140
        },
        "all_reviews_count": 76,
        "photos_url": "https:\/\/www.zomato.com\/adelaide\/sugar-shack-norwood\/photos?utm_source=api_basic_user&utm_medium=api&utm_campaign=v2.1#tabtop",
        "photo_count": 66,
        "menu_url": "https:\/\/www.zomato.com\/adelaide\/sugar-shack-norwood\/menu?utm_source=api_basic_user&utm_medium=api&utm_campaign=v2.1&openSwipeBox=menu&showMinimal=1#tabtop",
        "featured_image": "https:\/\/b.zmtcdn.com\/data\/res_imagery\/16588050_RESTAURANT_d69e102f3f6f540bd5ebc8b2ba01e67c.jpg",
        "medio_provider": false,
        "has_online_delivery": 0,
        "is_delivering_now": 0,
        "store_type": "",
        "include_bogo_offers": true,
        "deeplink": "zomato:\/\/restaurant\/16588050",
        "is_table_reservation_supported": 0,
        "has_table_booking": 0,
        "events_url": "https:\/\/www.zomato.com\/adelaide\/sugar-shack-norwood\/events#tabtop?utm_source=api_basic_user&utm_medium=api&utm_campaign=v2.1",
        "phone_numbers": "(08) 8431 0444",
        "all_reviews": {
          "reviews": [
            {
              "review": []
            },
            {
              "review": []
            },
            {
              "review": []
            },
            {
              "review": []
            },
            {
              "review": []
            }
          ]
        },
        "establishment": [
          "Casual Dining"
        ],
        "establishment_types": []
      }
    },
    {
      "restaurant": {
        "R": {
          "res_id": 16589196,
          "is_grocery_store": false,
          "has_menu_status": {
            "delivery": -1,
            "takeaway": -1
          }
        },
        "apikey": "c1d331ff7e4dcfb200d33fa7efb9b184",
        "id": "16589196",
        "name": "Coffylosophy",
        "url": "https:\/\/www.zomato.com\/adelaide\/coffylosophy-city-centre?utm_source=api_basic_user&utm_medium=api&utm_campaign=v2.1",
        "location": {
          "address": "198a Hutt Street, Adelaide",
          "locality": "Hutt Street, City Centre",
          "city": "Adelaide",
          "city_id": 297,
          "latitude": "-34.9320431668",
          "longitude": "138.6122079939",
          "zipcode": "5000",
          "country_id": 14,
          "locality_verbose": "Hutt Street, City Centre, Adelaide, SA"
        },
        "switch_to_order_menu": 0,
        "cuisines": "Coffee and Tea, Cafe Food",
        "timings": "7am \u2013 2pm (Mon-Sun)",
        "average_cost_for_two": 35,
        "price_range": 2,
        "currency": "$",
        "highlights": [
          "Cash",
          "Debit Card",
          "Takeaway Available",
          "Breakfast",
          "Lunch",
          "Credit Card",
          "Delivery",
          "No Alcohol Available",
          "Indoor Seating",
          "Outdoor Seating",
          "Vegetarian Friendly",
          "Table booking recommended"
        ],
        "offers": [],
        "opentable_support": 0,
        "is_zomato_book_res": 0,
        "mezzo_provider": "OTHER",
        "is_book_form_web_view": 0,
        "book_form_web_view_url": "",
        "book_again_url": "",
        "thumb": "https:\/\/b.zmtcdn.com\/data\/res_imagery\/16589196_RESTAURANT_a4a309f0004175ddaf74f753f2dbca6c.jpg?fit=around%7C200%3A200&crop=200%3A200%3B%2A%2C%2A",
        "user_rating": {
          "aggregate_rating": "3.7",
          "rating_text": "Good",
          "rating_color": "9ACD32",
          "rating_obj": {
            "title": {
              "text": "3.7"
            },
            "bg_color": {
              "type": "lime",
              "tint": "600"
            }
          },
          "votes": 102
        },
        "all_reviews_count": 48,
        "photos_url": "https:\/\/www.zomato.com\/adelaide\/coffylosophy-city-centre\/photos?utm_source=api_basic_user&utm_medium=api&utm_campaign=v2.1#tabtop",
        "photo_count": 87,
        "menu_url": "https:\/\/www.zomato.com\/adelaide\/coffylosophy-city-centre\/menu?utm_source=api_basic_user&utm_medium=api&utm_campaign=v2.1&openSwipeBox=menu&showMinimal=1#tabtop",
        "featured_image": "https:\/\/b.zmtcdn.com\/data\/res_imagery\/16589196_RESTAURANT_a4a309f0004175ddaf74f753f2dbca6c.jpg",
        "medio_provider": false,
        "has_online_delivery": 0,
        "is_delivering_now": 0,
        "store_type": "",
        "include_bogo_offers": true,
        "deeplink": "zomato:\/\/restaurant\/16589196",
        "is_table_reservation_supported": 0,
        "has_table_booking": 0,
        "events_url": "https:\/\/www.zomato.com\/adelaide\/coffylosophy-city-centre\/events#tabtop?utm_source=api_basic_user&utm_medium=api&utm_campaign=v2.1",
        "phone_numbers": "08 8227 1860",
        "all_reviews": {
          "reviews": [
            {
              "review": []
            },
            {
              "review": []
            },
            {
              "review": []
            },
            {
              "review": []
            },
            {
              "review": []
            }
          ]
        },
        "establishment": [
          "Caf\u00e9"
        ],
        "establishment_types": []
      }
    },
    {
      "restaurant": {
        "R": {
          "res_id": 18311063,
          "is_grocery_store": false,
          "has_menu_status": {
            "delivery": -1,
            "takeaway": -1
          }
        },
        "apikey": "c1d331ff7e4dcfb200d33fa7efb9b184",
        "id": "18311063",
        "name": "The Propaganda Club",
        "url": "https:\/\/www.zomato.com\/adelaide\/the-propaganda-club-city-centre?utm_source=api_basic_user&utm_medium=api&utm_campaign=v2.1",
        "location": {
          "address": "110 Grenfell Street, City Centre, Adelaide, SA",
          "locality": "Grenfell Street, City Centre",
          "city": "Adelaide",
          "city_id": 297,
          "latitude": "-34.9240731983",
          "longitude": "138.6038817465",
          "zipcode": "5000",
          "country_id": 14,
          "locality_verbose": "Grenfell Street, City Centre, Adelaide, SA"
        },
        "switch_to_order_menu": 0,
        "cuisines": "Modern Australian, European",
        "timings": "7 AM to 7 PM (Mon-Tue), 7 AM to 12 Midnight (Wed-Thu), 7 AM to 2 AM (Fri-Sat), Sun Closed",
        "average_cost_for_two": 100,
        "price_range": 4,
        "currency": "$",
        "highlights": [
          "Dinner",
          "Cash",
          "Credit Card",
          "Delivery",
          "Shared Plates",
          "Fullbar",
          "Nightlife",
          "Indoor Seating",
          "Table booking recommended",
          "Available for Functions"
        ],
        "offers": [],
        "opentable_support": 0,
        "is_zomato_book_res": 0,
        "mezzo_provider": "OTHER",
        "is_book_form_web_view": 0,
        "book_form_web_view_url": "",
        "book_again_url": "",
        "thumb": "https:\/\/b.zmtcdn.com\/data\/res_imagery\/18311063_RESTAURANT_be45e5c3eb2908ee8181237438cb6bf8.jpg?fit=around%7C200%3A200&crop=200%3A200%3B%2A%2C%2A",
        "user_rating": {
          "aggregate_rating": "3.7",
          "rating_text": "Good",
          "rating_color": "9ACD32",
          "rating_obj": {
            "title": {
              "text": "3.7"
            },
            "bg_color": {
              "type": "lime",
              "tint": "600"
            }
          },
          "votes": 29
        },
        "all_reviews_count": 23,
        "photos_url": "https:\/\/www.zomato.com\/adelaide\/the-propaganda-club-city-centre\/photos?utm_source=api_basic_user&utm_medium=api&utm_campaign=v2.1#tabtop",
        "photo_count": 79,
        "menu_url": "https:\/\/www.zomato.com\/adelaide\/the-propaganda-club-city-centre\/menu?utm_source=api_basic_user&utm_medium=api&utm_campaign=v2.1&openSwipeBox=menu&showMinimal=1#tabtop",
        "featured_image": "https:\/\/b.zmtcdn.com\/data\/res_imagery\/18311063_RESTAURANT_be45e5c3eb2908ee8181237438cb6bf8.jpg",
        "medio_provider": false,
        "has_online_delivery": 0,
        "is_delivering_now": 0,
        "store_type": "",
        "include_bogo_offers": true,
        "deeplink": "zomato:\/\/restaurant\/18311063",
        "is_table_reservation_supported": 0,
        "has_table_booking": 0,
        "events_url": "https:\/\/www.zomato.com\/adelaide\/the-propaganda-club-city-centre\/events#tabtop?utm_source=api_basic_user&utm_medium=api&utm_campaign=v2.1",
        "phone_numbers": "08 7222 9677",
        "all_reviews": {
          "reviews": [
            {
              "review": []
            },
            {
              "review": []
            },
            {
              "review": []
            },
            {
              "review": []
            },
            {
              "review": []
            }
          ]
        },
        "establishment": [
          "Bar"
        ],
        "establishment_types": []
      }
    },
    {
      "restaurant": {
        "R": {
          "res_id": 16587196,
          "is_grocery_store": false,
          "has_menu_status": {
            "delivery": -1,
            "takeaway": -1
          }
        },
        "apikey": "c1d331ff7e4dcfb200d33fa7efb9b184",
        "id": "16587196",
        "name": "Stamps",
        "url": "https:\/\/www.zomato.com\/adelaide\/stamps-mitcham?utm_source=api_basic_user&utm_medium=api&utm_campaign=v2.1",
        "location": {
          "address": "12 Welbourne Street, Mitcham",
          "locality": "Mitcham",
          "city": "Adelaide",
          "city_id": 297,
          "latitude": "-34.9791569167",
          "longitude": "138.6209707707",
          "zipcode": "5062",
          "country_id": 14,
          "locality_verbose": "Mitcham"
        },
        "switch_to_order_menu": 0,
        "cuisines": "Modern Australian",
        "timings": "6:30 PM to 10:30 PM (Mon),12 Noon to 2 PM, 6:30 PM to 10:30 PM (Tue-Fri),6:30 PM to 11 PM (Sat),9 AM to 2 PM (Sun)",
        "average_cost_for_two": 80,
        "price_range": 3,
        "currency": "$",
        "highlights": [
          "Lunch",
          "Cash",
          "Debit Card",
          "Delivery",
          "Dinner",
          "Credit Card",
          "Takeaway Available",
          "Vegetarian Friendly",
          "Fullbar",
          "Indoor Seating"
        ],
        "offers": [],
        "opentable_support": 0,
        "is_zomato_book_res": 0,
        "mezzo_provider": "OTHER",
        "is_book_form_web_view": 0,
        "book_form_web_view_url": "",
        "book_again_url": "",
        "thumb": "https:\/\/b.zmtcdn.com\/data\/res_imagery\/16587196_RESTAURANT_744d792ac483f9ae1b68e01b08e6c804.jpg?fit=around%7C200%3A200&crop=200%3A200%3B%2A%2C%2A",
        "user_rating": {
          "aggregate_rating": "4.3",
          "rating_text": "Very Good",
          "rating_color": "5BA829",
          "rating_obj": {
            "title": {
              "text": "4.3"
            },
            "bg_color": {
              "type": "lime",
              "tint": "700"
            }
          },
          "votes": 112
        },
        "all_reviews_count": 43,
        "photos_url": "https:\/\/www.zomato.com\/adelaide\/stamps-mitcham\/photos?utm_source=api_basic_user&utm_medium=api&utm_campaign=v2.1#tabtop",
        "photo_count": 20,
        "menu_url": "https:\/\/www.zomato.com\/adelaide\/stamps-mitcham\/menu?utm_source=api_basic_user&utm_medium=api&utm_campaign=v2.1&openSwipeBox=menu&showMinimal=1#tabtop",
        "featured_image": "https:\/\/b.zmtcdn.com\/data\/res_imagery\/16587196_RESTAURANT_744d792ac483f9ae1b68e01b08e6c804.jpg",
        "medio_provider": false,
        "has_online_delivery": 0,
        "is_delivering_now": 0,
        "store_type": "",
        "include_bogo_offers": true,
        "deeplink": "zomato:\/\/restaurant\/16587196",
        "is_table_reservation_supported": 0,
        "has_table_booking": 0,
        "events_url": "https:\/\/www.zomato.com\/adelaide\/stamps-mitcham\/events#tabtop?utm_source=api_basic_user&utm_medium=api&utm_campaign=v2.1",
        "phone_numbers": "(08) 8272 8815",
        "all_reviews": {
          "reviews": [
            {
              "review": []
            },
            {
              "review": []
            },
            {
              "review": []
            },
            {
              "review": []
            },
            {
              "review": []
            }
          ]
        },
        "establishment": [
          "Casual Dining"
        ],
        "establishment_types": []
      }
    },
    {
      "restaurant": {
        "R": {
          "res_id": 16587654,
          "is_grocery_store": false,
          "has_menu_status": {
            "delivery": -1,
            "takeaway": -1
          }
        },
        "apikey": "c1d331ff7e4dcfb200d33fa7efb9b184",
        "id": "16587654",
        "name": "@ Thai",
        "url": "https:\/\/www.zomato.com\/adelaide\/thai-rosewater?utm_source=api_basic_user&utm_medium=api&utm_campaign=v2.1",
        "location": {
          "address": "Shop 7 \/ 140 Grand Junction Road, Rosewater, Adelaide",
          "locality": "Rosewater",
          "city": "Adelaide",
          "city_id": 297,
          "latitude": "-34.8517415949",
          "longitude": "138.5270404816",
          "zipcode": "5013",
          "country_id": 14,
          "locality_verbose": "Rosewater"
        },
        "switch_to_order_menu": 0,
        "cuisines": "Thai",
        "timings": "11 AM to 3 PM, 4:30 PM to 9 PM (Mon-Fri),4:30 PM to 9 PM (Sat),Closed (Sun)",
        "average_cost_for_two": 40,
        "price_range": 2,
        "currency": "$",
        "highlights": [
          "Delivery",
          "Dinner",
          "Takeaway Available",
          "Lunch",
          "Outdoor Seating",
          "Vegetarian Friendly",
          "Indoor Seating",
          "Lunch Menu"
        ],
        "offers": [],
        "opentable_support": 0,
        "is_zomato_book_res": 0,
        "mezzo_provider": "OTHER",
        "is_book_form_web_view": 0,
        "book_form_web_view_url": "",
        "book_again_url": "",
        "thumb": "https:\/\/b.zmtcdn.com\/data\/res_imagery\/16587654_RESTAURANT_c1ee220143c8b02cb3a5ba4bd75f3514.jpg?fit=around%7C200%3A200&crop=200%3A200%3B%2A%2C%2A",
        "user_rating": {
          "aggregate_rating": "4.2",
          "rating_text": "Very Good",
          "rating_color": "5BA829",
          "rating_obj": {
            "title": {
              "text": "4.2"
            },
            "bg_color": {
              "type": "lime",
              "tint": "700"
            }
          },
          "votes": 115
        },
        "all_reviews_count": 55,
        "photos_url": "https:\/\/www.zomato.com\/adelaide\/thai-rosewater\/photos?utm_source=api_basic_user&utm_medium=api&utm_campaign=v2.1#tabtop",
        "photo_count": 23,
        "menu_url": "https:\/\/www.zomato.com\/adelaide\/thai-rosewater\/menu?utm_source=api_basic_user&utm_medium=api&utm_campaign=v2.1&openSwipeBox=menu&showMinimal=1#tabtop",
        "featured_image": "https:\/\/b.zmtcdn.com\/data\/res_imagery\/16587654_RESTAURANT_c1ee220143c8b02cb3a5ba4bd75f3514.jpg",
        "medio_provider": false,
        "has_online_delivery": 0,
        "is_delivering_now": 0,
        "store_type": "",
        "include_bogo_offers": true,
        "deeplink": "zomato:\/\/restaurant\/16587654",
        "is_table_reservation_supported": 0,
        "has_table_booking": 0,
        "events_url": "https:\/\/www.zomato.com\/adelaide\/thai-rosewater\/events#tabtop?utm_source=api_basic_user&utm_medium=api&utm_campaign=v2.1",
        "phone_numbers": "(08) 8341 2442",
        "all_reviews": {
          "reviews": [
            {
              "review": []
            },
            {
              "review": []
            },
            {
              "review": []
            },
            {
              "review": []
            },
            {
              "review": []
            }
          ]
        },
        "establishment": [
          "Casual Dining"
        ],
        "establishment_types": []
      }
    },
    {
      "restaurant": {
        "R": {
          "res_id": 16587156,
          "is_grocery_store": false,
          "has_menu_status": {
            "delivery": -1,
            "takeaway": -1
          }
        },
        "apikey": "c1d331ff7e4dcfb200d33fa7efb9b184",
        "id": "16587156",
        "name": "Samui Thai",
        "url": "https:\/\/www.zomato.com\/adelaide\/samui-thai-hazelwood-park?utm_source=api_basic_user&utm_medium=api&utm_campaign=v2.1",
        "location": {
          "address": "548 Greenhill Road, Hazelwood Park",
          "locality": "Greenhill Road, Hazelwood Park",
          "city": "Adelaide",
          "city_id": 297,
          "latitude": "-34.9384157807",
          "longitude": "138.6597665772",
          "zipcode": "5066",
          "country_id": 14,
          "locality_verbose": "Greenhill Road, Hazelwood Park, Adelaide, SA"
        },
        "switch_to_order_menu": 0,
        "cuisines": "Thai",
        "timings": "5 PM to 9 PM (Mon, Wed, Sun), Closed (Tue),12 Noon to 2:30 PM, 5 PM to 9 PM (Thu),12 Noon to 2:30 PM, 5 PM to 9:30 PM (Fri),5 PM to 9:30 PM (Sat)",
        "average_cost_for_two": 70,
        "price_range": 3,
        "currency": "$",
        "highlights": [
          "Cash",
          "Debit Card",
          "Takeaway Available",
          "Dinner",
          "Delivery",
          "Credit Card",
          "Lunch",
          "Vegan Options",
          "Fullbar",
          "BYO",
          "Indoor Seating",
          "Gluten Free Options",
          "Vegetarian Friendly",
          "Table booking recommended"
        ],
        "offers": [],
        "opentable_support": 0,
        "is_zomato_book_res": 0,
        "mezzo_provider": "OTHER",
        "is_book_form_web_view": 0,
        "book_form_web_view_url": "",
        "book_again_url": "",
        "thumb": "https:\/\/b.zmtcdn.com\/data\/res_imagery\/16587156_RESTAURANT_5c47004a2fb7465b288c7ed1b2246b83_c.jpg?fit=around%7C200%3A200&crop=200%3A200%3B%2A%2C%2A",
        "user_rating": {
          "aggregate_rating": "4.3",
          "rating_text": "Very Good",
          "rating_color": "5BA829",
          "rating_obj": {
            "title": {
              "text": "4.3"
            },
            "bg_color": {
              "type": "lime",
              "tint": "700"
            }
          },
          "votes": 86
        },
        "all_reviews_count": 45,
        "photos_url": "https:\/\/www.zomato.com\/adelaide\/samui-thai-hazelwood-park\/photos?utm_source=api_basic_user&utm_medium=api&utm_campaign=v2.1#tabtop",
        "photo_count": 35,
        "menu_url": "https:\/\/www.zomato.com\/adelaide\/samui-thai-hazelwood-park\/menu?utm_source=api_basic_user&utm_medium=api&utm_campaign=v2.1&openSwipeBox=menu&showMinimal=1#tabtop",
        "featured_image": "https:\/\/b.zmtcdn.com\/data\/res_imagery\/16587156_RESTAURANT_5c47004a2fb7465b288c7ed1b2246b83_c.jpg",
        "medio_provider": false,
        "has_online_delivery": 0,
        "is_delivering_now": 0,
        "store_type": "",
        "include_bogo_offers": true,
        "deeplink": "zomato:\/\/restaurant\/16587156",
        "is_table_reservation_supported": 0,
        "has_table_booking": 0,
        "events_url": "https:\/\/www.zomato.com\/adelaide\/samui-thai-hazelwood-park\/events#tabtop?utm_source=api_basic_user&utm_medium=api&utm_campaign=v2.1",
        "phone_numbers": "(08) 8364 5400",
        "all_reviews": {
          "reviews": [
            {
              "review": []
            },
            {
              "review": []
            },
            {
              "review": []
            },
            {
              "review": []
            },
            {
              "review": []
            }
          ]
        },
        "establishment": [
          "Casual Dining"
        ],
        "establishment_types": []
      }
    }
  ]
}
]
