[

{
  "results_found": 369,
  "results_start": 60,
  "results_shown": 20,
  "restaurants": [
    {
      "restaurant": {
        "R": {
          "res_id": 16587390,
          "is_grocery_store": false,
          "has_menu_status": {
            "delivery": -1,
            "takeaway": -1
          }
        },
        "apikey": "c1d331ff7e4dcfb200d33fa7efb9b184",
        "id": "16587390",
        "name": "Chillies Indian Restaurant",
        "url": "https:\/\/www.zomato.com\/adelaide\/chillies-indian-restaurant-hectorville?utm_source=api_basic_user&utm_medium=api&utm_campaign=v2.1",
        "location": {
          "address": "145 Montacute Road, Newton",
          "locality": "Montacute Road, Hectorville",
          "city": "Adelaide",
          "city_id": 297,
          "latitude": "-34.8883138889",
          "longitude": "138.6744222222",
          "zipcode": "5074",
          "country_id": 14,
          "locality_verbose": "Montacute Road, Hectorville, Adelaide, SA"
        },
        "switch_to_order_menu": 0,
        "cuisines": "Indian",
        "timings": "5 PM to 10:30 PM  ",
        "average_cost_for_two": 50,
        "price_range": 2,
        "currency": "$",
        "highlights": [
          "Cash",
          "Debit Card",
          "Takeaway Available",
          "Dinner",
          "Credit Card",
          "Delivery",
          "Lunch",
          "Wheelchair Accessible",
          "Fullbar",
          "Indoor Seating",
          "Vegetarian Friendly",
          "BYO"
        ],
        "offers": [],
        "opentable_support": 0,
        "is_zomato_book_res": 0,
        "mezzo_provider": "OTHER",
        "is_book_form_web_view": 0,
        "book_form_web_view_url": "",
        "book_again_url": "",
        "thumb": "https:\/\/b.zmtcdn.com\/data\/res_imagery\/16587390_RESTAURANT_1d5015d257775caa07269ab9530a5179.jpg?fit=around%7C200%3A200&crop=200%3A200%3B%2A%2C%2A",
        "user_rating": {
          "aggregate_rating": "3.9",
          "rating_text": "Good",
          "rating_color": "9ACD32",
          "rating_obj": {
            "title": {
              "text": "3.9"
            },
            "bg_color": {
              "type": "lime",
              "tint": "600"
            }
          },
          "votes": 68
        },
        "all_reviews_count": 30,
        "photos_url": "https:\/\/www.zomato.com\/adelaide\/chillies-indian-restaurant-hectorville\/photos?utm_source=api_basic_user&utm_medium=api&utm_campaign=v2.1#tabtop",
        "photo_count": 6,
        "menu_url": "https:\/\/www.zomato.com\/adelaide\/chillies-indian-restaurant-hectorville\/menu?utm_source=api_basic_user&utm_medium=api&utm_campaign=v2.1&openSwipeBox=menu&showMinimal=1#tabtop",
        "featured_image": "https:\/\/b.zmtcdn.com\/data\/res_imagery\/16587390_RESTAURANT_1d5015d257775caa07269ab9530a5179.jpg?output-format=webp",
        "medio_provider": false,
        "has_online_delivery": 0,
        "is_delivering_now": 0,
        "store_type": "",
        "include_bogo_offers": true,
        "deeplink": "zomato:\/\/restaurant\/16587390",
        "is_table_reservation_supported": 0,
        "has_table_booking": 0,
        "events_url": "https:\/\/www.zomato.com\/adelaide\/chillies-indian-restaurant-hectorville\/events#tabtop?utm_source=api_basic_user&utm_medium=api&utm_campaign=v2.1",
        "phone_numbers": "(08) 8165 0233",
        "all_reviews": {
          "reviews": [
            {
              "review": []
            },
            {
              "review": []
            },
            {
              "review": []
            },
            {
              "review": []
            },
            {
              "review": []
            }
          ]
        },
        "establishment": [
          "Casual Dining"
        ],
        "establishment_types": []
      }
    },
    {
      "restaurant": {
        "R": {
          "res_id": 16587927,
          "is_grocery_store": false,
          "has_menu_status": {
            "delivery": -1,
            "takeaway": -1
          }
        },
        "apikey": "c1d331ff7e4dcfb200d33fa7efb9b184",
        "id": "16587927",
        "name": "Buddhas Kitchen",
        "url": "https:\/\/www.zomato.com\/adelaide\/buddhas-kitchen-semaphore?utm_source=api_basic_user&utm_medium=api&utm_campaign=v2.1",
        "location": {
          "address": "107 Military Road, Semaphore, Adelaide",
          "locality": "Semaphore",
          "city": "Adelaide",
          "city_id": 297,
          "latitude": "-34.8442962768",
          "longitude": "138.4816357121",
          "zipcode": "5019",
          "country_id": 14,
          "locality_verbose": "Semaphore"
        },
        "switch_to_order_menu": 0,
        "cuisines": "Asian, Thai, Vietnamese",
        "timings": "5 PM to 9:30 PM ",
        "average_cost_for_two": 60,
        "price_range": 3,
        "currency": "$",
        "highlights": [
          "Credit Card",
          "Delivery",
          "Takeaway Available",
          "Dinner",
          "Gluten Free Options",
          "Indoor Seating",
          "Vegetarian Friendly"
        ],
        "offers": [],
        "opentable_support": 0,
        "is_zomato_book_res": 0,
        "mezzo_provider": "OTHER",
        "is_book_form_web_view": 0,
        "book_form_web_view_url": "",
        "book_again_url": "",
        "thumb": "https:\/\/b.zmtcdn.com\/data\/res_imagery\/16587927_RESTAURANT_9a2cf662ed6ae1e583cd3c287b82af74.jpg?fit=around%7C200%3A200&crop=200%3A200%3B%2A%2C%2A",
        "user_rating": {
          "aggregate_rating": "4.0",
          "rating_text": "Very Good",
          "rating_color": "5BA829",
          "rating_obj": {
            "title": {
              "text": "4.0"
            },
            "bg_color": {
              "type": "lime",
              "tint": "600"
            }
          },
          "votes": 49
        },
        "all_reviews_count": 19,
        "photos_url": "https:\/\/www.zomato.com\/adelaide\/buddhas-kitchen-semaphore\/photos?utm_source=api_basic_user&utm_medium=api&utm_campaign=v2.1#tabtop",
        "photo_count": 15,
        "menu_url": "https:\/\/www.zomato.com\/adelaide\/buddhas-kitchen-semaphore\/menu?utm_source=api_basic_user&utm_medium=api&utm_campaign=v2.1&openSwipeBox=menu&showMinimal=1#tabtop",
        "featured_image": "https:\/\/b.zmtcdn.com\/data\/res_imagery\/16587927_RESTAURANT_9a2cf662ed6ae1e583cd3c287b82af74.jpg",
        "medio_provider": false,
        "has_online_delivery": 0,
        "is_delivering_now": 0,
        "store_type": "",
        "include_bogo_offers": true,
        "deeplink": "zomato:\/\/restaurant\/16587927",
        "is_table_reservation_supported": 0,
        "has_table_booking": 0,
        "events_url": "https:\/\/www.zomato.com\/adelaide\/buddhas-kitchen-semaphore\/events#tabtop?utm_source=api_basic_user&utm_medium=api&utm_campaign=v2.1",
        "phone_numbers": "(08) 8449 6400",
        "all_reviews": {
          "reviews": [
            {
              "review": []
            },
            {
              "review": []
            },
            {
              "review": []
            },
            {
              "review": []
            },
            {
              "review": []
            }
          ]
        },
        "establishment": [
          "Casual Dining"
        ],
        "establishment_types": []
      }
    },
    {
      "restaurant": {
        "R": {
          "res_id": 16587888,
          "is_grocery_store": false,
          "has_menu_status": {
            "delivery": -1,
            "takeaway": -1
          }
        },
        "apikey": "c1d331ff7e4dcfb200d33fa7efb9b184",
        "id": "16587888",
        "name": "Amigo's Pizza Magill",
        "url": "https:\/\/www.zomato.com\/adelaide\/amigos-pizza-magill-magill?utm_source=api_basic_user&utm_medium=api&utm_campaign=v2.1",
        "location": {
          "address": "568c Magill Road, Magill, Adelaide",
          "locality": "Magill Road, Magill",
          "city": "Adelaide",
          "city_id": 297,
          "latitude": "-34.9130861111",
          "longitude": "138.6758111111",
          "zipcode": "5072",
          "country_id": 14,
          "locality_verbose": "Magill Road, Magill, Adelaide, SA"
        },
        "switch_to_order_menu": 0,
        "cuisines": "Desserts, Italian, Pizza",
        "timings": "10 AM to 12 AM  ",
        "average_cost_for_two": 45,
        "price_range": 2,
        "currency": "$",
        "highlights": [
          "Cash",
          "Debit Card",
          "Delivery",
          "No Alcohol Available",
          "Dinner",
          "Credit Card",
          "Takeaway Available",
          "Lunch",
          "Indoor Seating",
          "Smoking Area",
          "Gluten Free Options",
          "Vegetarian Friendly",
          "Outdoor Seating",
          "Kid Friendly",
          "Wifi",
          "Vegan Options",
          "Desserts and Bakes"
        ],
        "offers": [],
        "opentable_support": 0,
        "is_zomato_book_res": 0,
        "mezzo_provider": "OTHER",
        "is_book_form_web_view": 0,
        "book_form_web_view_url": "",
        "book_again_url": "",
        "thumb": "https:\/\/b.zmtcdn.com\/data\/res_imagery\/16587888_RESTAURANT_96382b7698b02964a85bea6781092162.jpg?fit=around%7C200%3A200&crop=200%3A200%3B%2A%2C%2A",
        "user_rating": {
          "aggregate_rating": "3.6",
          "rating_text": "Good",
          "rating_color": "9ACD32",
          "rating_obj": {
            "title": {
              "text": "3.6"
            },
            "bg_color": {
              "type": "lime",
              "tint": "600"
            }
          },
          "votes": 74
        },
        "all_reviews_count": 41,
        "photos_url": "https:\/\/www.zomato.com\/adelaide\/amigos-pizza-magill-magill\/photos?utm_source=api_basic_user&utm_medium=api&utm_campaign=v2.1#tabtop",
        "photo_count": 46,
        "menu_url": "https:\/\/www.zomato.com\/adelaide\/amigos-pizza-magill-magill\/menu?utm_source=api_basic_user&utm_medium=api&utm_campaign=v2.1&openSwipeBox=menu&showMinimal=1#tabtop",
        "featured_image": "https:\/\/b.zmtcdn.com\/data\/res_imagery\/16587888_RESTAURANT_96382b7698b02964a85bea6781092162.jpg?output-format=webp",
        "medio_provider": false,
        "has_online_delivery": 0,
        "is_delivering_now": 0,
        "store_type": "",
        "include_bogo_offers": true,
        "deeplink": "zomato:\/\/restaurant\/16587888",
        "is_table_reservation_supported": 0,
        "has_table_booking": 0,
        "events_url": "https:\/\/www.zomato.com\/adelaide\/amigos-pizza-magill-magill\/events#tabtop?utm_source=api_basic_user&utm_medium=api&utm_campaign=v2.1",
        "phone_numbers": "(08) 8333 0233",
        "all_reviews": {
          "reviews": [
            {
              "review": []
            },
            {
              "review": []
            },
            {
              "review": []
            },
            {
              "review": []
            },
            {
              "review": []
            }
          ]
        },
        "establishment": [
          "Fast Food"
        ],
        "establishment_types": []
      }
    },
    {
      "restaurant": {
        "R": {
          "res_id": 16588026,
          "is_grocery_store": false,
          "has_menu_status": {
            "delivery": -1,
            "takeaway": -1
          }
        },
        "apikey": "c1d331ff7e4dcfb200d33fa7efb9b184",
        "id": "16588026",
        "name": "Dera",
        "url": "https:\/\/www.zomato.com\/adelaide\/dera-grange?utm_source=api_basic_user&utm_medium=api&utm_campaign=v2.1",
        "location": {
          "address": "Shop 5, 178 Frederick Road, Grange, Adelaide",
          "locality": "Frederick Road, Grange",
          "city": "Adelaide",
          "city_id": 297,
          "latitude": "-34.8970350000",
          "longitude": "138.5045740000",
          "zipcode": "5022",
          "country_id": 14,
          "locality_verbose": "Frederick Road, Grange, Adelaide, SA"
        },
        "switch_to_order_menu": 0,
        "cuisines": "Indian",
        "timings": "5 PM to 9:30 PM (Mon, Tue, Wed, Thu, Sun), 5 PM to 11 PM (Fri-Sat)",
        "average_cost_for_two": 50,
        "price_range": 2,
        "currency": "$",
        "highlights": [
          "Cash",
          "Delivery",
          "Dinner",
          "Credit Card",
          "Takeaway Available",
          "Indoor Seating",
          "Vegetarian Friendly",
          "Kid Friendly",
          "Wheelchair Accessible",
          "Fullbar",
          "BYO"
        ],
        "offers": [],
        "opentable_support": 0,
        "is_zomato_book_res": 0,
        "mezzo_provider": "OTHER",
        "is_book_form_web_view": 0,
        "book_form_web_view_url": "",
        "book_again_url": "",
        "thumb": "https:\/\/b.zmtcdn.com\/data\/res_imagery\/16588026_RESTAURANT_24b27177e13332c79d1ceebc25106a2b.jpg?fit=around%7C200%3A200&crop=200%3A200%3B%2A%2C%2A",
        "user_rating": {
          "aggregate_rating": "3.9",
          "rating_text": "Good",
          "rating_color": "9ACD32",
          "rating_obj": {
            "title": {
              "text": "3.9"
            },
            "bg_color": {
              "type": "lime",
              "tint": "600"
            }
          },
          "votes": 49
        },
        "all_reviews_count": 27,
        "photos_url": "https:\/\/www.zomato.com\/adelaide\/dera-grange\/photos?utm_source=api_basic_user&utm_medium=api&utm_campaign=v2.1#tabtop",
        "photo_count": 14,
        "menu_url": "https:\/\/www.zomato.com\/adelaide\/dera-grange\/menu?utm_source=api_basic_user&utm_medium=api&utm_campaign=v2.1&openSwipeBox=menu&showMinimal=1#tabtop",
        "featured_image": "https:\/\/b.zmtcdn.com\/data\/res_imagery\/16588026_RESTAURANT_24b27177e13332c79d1ceebc25106a2b.jpg",
        "medio_provider": false,
        "has_online_delivery": 0,
        "is_delivering_now": 0,
        "store_type": "",
        "include_bogo_offers": true,
        "deeplink": "zomato:\/\/restaurant\/16588026",
        "is_table_reservation_supported": 0,
        "has_table_booking": 0,
        "events_url": "https:\/\/www.zomato.com\/adelaide\/dera-grange\/events#tabtop?utm_source=api_basic_user&utm_medium=api&utm_campaign=v2.1",
        "phone_numbers": "(08) 7225 5996",
        "all_reviews": {
          "reviews": [
            {
              "review": []
            },
            {
              "review": []
            },
            {
              "review": []
            },
            {
              "review": []
            },
            {
              "review": []
            }
          ]
        },
        "establishment": [
          "Casual Dining"
        ],
        "establishment_types": []
      }
    },
    {
      "restaurant": {
        "R": {
          "res_id": 16587683,
          "is_grocery_store": false,
          "has_menu_status": {
            "delivery": -1,
            "takeaway": -1
          }
        },
        "apikey": "c1d331ff7e4dcfb200d33fa7efb9b184",
        "id": "16587683",
        "name": "Da Mario Pizza",
        "url": "https:\/\/www.zomato.com\/adelaide\/da-mario-pizza-athelstone?utm_source=api_basic_user&utm_medium=api&utm_campaign=v2.1",
        "location": {
          "address": "Shop 9 Athelstone Village Centre, 337 Gorge Road, Athelstone",
          "locality": "Gorge Road, Athelstone",
          "city": "Adelaide",
          "city_id": 297,
          "latitude": "-34.8694657787",
          "longitude": "138.7033672258",
          "zipcode": "5076",
          "country_id": 14,
          "locality_verbose": "Gorge Road, Athelstone, Adelaide, SA"
        },
        "switch_to_order_menu": 0,
        "cuisines": "Italian",
        "timings": "4 PM to 9:30 PM (Mon, Wed, Thu, Fri, Sat, Sun), Closed (Tue)",
        "average_cost_for_two": 45,
        "price_range": 2,
        "currency": "$",
        "highlights": [
          "Cash",
          "Debit Card",
          "Delivery",
          "Dinner",
          "Credit Card",
          "Takeaway Available",
          "Lunch",
          "Gluten Free Options",
          "Fullbar",
          "Table booking recommended",
          "BYO",
          "Indoor Seating",
          "Vegan Options"
        ],
        "offers": [],
        "opentable_support": 0,
        "is_zomato_book_res": 0,
        "mezzo_provider": "OTHER",
        "is_book_form_web_view": 0,
        "book_form_web_view_url": "",
        "book_again_url": "",
        "thumb": "",
        "user_rating": {
          "aggregate_rating": "4.0",
          "rating_text": "Very Good",
          "rating_color": "5BA829",
          "rating_obj": {
            "title": {
              "text": "4.0"
            },
            "bg_color": {
              "type": "lime",
              "tint": "600"
            }
          },
          "votes": 60
        },
        "all_reviews_count": 27,
        "photos_url": "https:\/\/www.zomato.com\/adelaide\/da-mario-pizza-athelstone\/photos?utm_source=api_basic_user&utm_medium=api&utm_campaign=v2.1#tabtop",
        "photo_count": 3,
        "menu_url": "https:\/\/www.zomato.com\/adelaide\/da-mario-pizza-athelstone\/menu?utm_source=api_basic_user&utm_medium=api&utm_campaign=v2.1&openSwipeBox=menu&showMinimal=1#tabtop",
        "featured_image": "",
        "medio_provider": false,
        "has_online_delivery": 0,
        "is_delivering_now": 0,
        "store_type": "",
        "include_bogo_offers": true,
        "deeplink": "zomato:\/\/restaurant\/16587683",
        "is_table_reservation_supported": 0,
        "has_table_booking": 0,
        "events_url": "https:\/\/www.zomato.com\/adelaide\/da-mario-pizza-athelstone\/events#tabtop?utm_source=api_basic_user&utm_medium=api&utm_campaign=v2.1",
        "phone_numbers": "(08) 8365 1477",
        "all_reviews": {
          "reviews": [
            {
              "review": []
            },
            {
              "review": []
            },
            {
              "review": []
            },
            {
              "review": []
            },
            {
              "review": []
            }
          ]
        },
        "establishment": [
          "Casual Dining"
        ],
        "establishment_types": []
      }
    },
    {
      "restaurant": {
        "R": {
          "res_id": 16587350,
          "is_grocery_store": false,
          "has_menu_status": {
            "delivery": -1,
            "takeaway": -1
          }
        },
        "apikey": "c1d331ff7e4dcfb200d33fa7efb9b184",
        "id": "16587350",
        "name": "That's Amore Pizzeria",
        "url": "https:\/\/www.zomato.com\/adelaide\/thats-amore-pizzeria-highbury?utm_source=api_basic_user&utm_medium=api&utm_campaign=v2.1",
        "location": {
          "address": "999 Lower North East Road, Highbury",
          "locality": "Lower North East Road, Highbury",
          "city": "Adelaide",
          "city_id": 297,
          "latitude": "-34.8532777778",
          "longitude": "138.6982416667",
          "zipcode": "5089",
          "country_id": 14,
          "locality_verbose": "Lower North East Road, Highbury, Adelaide, SA"
        },
        "switch_to_order_menu": 0,
        "cuisines": "Italian, Pizza",
        "timings": "5 PM to 11 PM (Mon-Sun)",
        "average_cost_for_two": 85,
        "price_range": 3,
        "currency": "$",
        "highlights": [
          "Credit Card",
          "Delivery",
          "Dinner",
          "Takeaway Available",
          "Indoor Seating",
          "Gluten Free Options",
          "Fullbar",
          "Outdoor Seating",
          "Kid Friendly",
          "Vegetarian Friendly"
        ],
        "offers": [],
        "opentable_support": 0,
        "is_zomato_book_res": 0,
        "mezzo_provider": "OTHER",
        "is_book_form_web_view": 0,
        "book_form_web_view_url": "",
        "book_again_url": "",
        "thumb": "https:\/\/b.zmtcdn.com\/data\/res_imagery\/16587350_RESTAURANT_3b0acdaad911636baafc2be84f283bf1.jpg?fit=around%7C200%3A200&crop=200%3A200%3B%2A%2C%2A",
        "user_rating": {
          "aggregate_rating": "4.0",
          "rating_text": "Very Good",
          "rating_color": "5BA829",
          "rating_obj": {
            "title": {
              "text": "4.0"
            },
            "bg_color": {
              "type": "lime",
              "tint": "600"
            }
          },
          "votes": 47
        },
        "all_reviews_count": 23,
        "photos_url": "https:\/\/www.zomato.com\/adelaide\/thats-amore-pizzeria-highbury\/photos?utm_source=api_basic_user&utm_medium=api&utm_campaign=v2.1#tabtop",
        "photo_count": 1,
        "menu_url": "https:\/\/www.zomato.com\/adelaide\/thats-amore-pizzeria-highbury\/menu?utm_source=api_basic_user&utm_medium=api&utm_campaign=v2.1&openSwipeBox=menu&showMinimal=1#tabtop",
        "featured_image": "https:\/\/b.zmtcdn.com\/data\/res_imagery\/16587350_RESTAURANT_3b0acdaad911636baafc2be84f283bf1.jpg",
        "medio_provider": false,
        "has_online_delivery": 0,
        "is_delivering_now": 0,
        "store_type": "",
        "include_bogo_offers": true,
        "deeplink": "zomato:\/\/restaurant\/16587350",
        "is_table_reservation_supported": 0,
        "has_table_booking": 0,
        "events_url": "https:\/\/www.zomato.com\/adelaide\/thats-amore-pizzeria-highbury\/events#tabtop?utm_source=api_basic_user&utm_medium=api&utm_campaign=v2.1",
        "phone_numbers": "(08) 8263 5287",
        "all_reviews": {
          "reviews": [
            {
              "review": []
            },
            {
              "review": []
            },
            {
              "review": []
            },
            {
              "review": []
            },
            {
              "review": []
            }
          ]
        },
        "establishment": [
          "Casual Dining"
        ],
        "establishment_types": []
      }
    },
    {
      "restaurant": {
        "R": {
          "res_id": 16587459,
          "is_grocery_store": false,
          "has_menu_status": {
            "delivery": -1,
            "takeaway": -1
          }
        },
        "apikey": "c1d331ff7e4dcfb200d33fa7efb9b184",
        "id": "16587459",
        "name": "Belair Pizzeria",
        "url": "https:\/\/www.zomato.com\/adelaide\/belair-pizzeria-belair?utm_source=api_basic_user&utm_medium=api&utm_campaign=v2.1",
        "location": {
          "address": "16 Main Road, Belair",
          "locality": "Main Road, Belair",
          "city": "Adelaide",
          "city_id": 297,
          "latitude": "-34.9993210000",
          "longitude": "138.6230160000",
          "zipcode": "5052",
          "country_id": 14,
          "locality_verbose": "Main Road, Belair, Adelaide, SA"
        },
        "switch_to_order_menu": 0,
        "cuisines": "Pizza",
        "timings": "3:30 PM to 9:30 PM (Mon-Sun)",
        "average_cost_for_two": 50,
        "price_range": 2,
        "currency": "$",
        "highlights": [
          "Credit Card",
          "Takeaway Available",
          "Lunch",
          "Delivery",
          "Dinner",
          "Gluten Free Options"
        ],
        "offers": [],
        "opentable_support": 0,
        "is_zomato_book_res": 0,
        "mezzo_provider": "OTHER",
        "is_book_form_web_view": 0,
        "book_form_web_view_url": "",
        "book_again_url": "",
        "thumb": "",
        "user_rating": {
          "aggregate_rating": "4.1",
          "rating_text": "Very Good",
          "rating_color": "5BA829",
          "rating_obj": {
            "title": {
              "text": "4.1"
            },
            "bg_color": {
              "type": "lime",
              "tint": "700"
            }
          },
          "votes": 57
        },
        "all_reviews_count": 35,
        "photos_url": "https:\/\/www.zomato.com\/adelaide\/belair-pizzeria-belair\/photos?utm_source=api_basic_user&utm_medium=api&utm_campaign=v2.1#tabtop",
        "photo_count": 4,
        "menu_url": "https:\/\/www.zomato.com\/adelaide\/belair-pizzeria-belair\/menu?utm_source=api_basic_user&utm_medium=api&utm_campaign=v2.1&openSwipeBox=menu&showMinimal=1#tabtop",
        "featured_image": "",
        "medio_provider": false,
        "has_online_delivery": 0,
        "is_delivering_now": 0,
        "store_type": "",
        "include_bogo_offers": true,
        "deeplink": "zomato:\/\/restaurant\/16587459",
        "is_table_reservation_supported": 0,
        "has_table_booking": 0,
        "events_url": "https:\/\/www.zomato.com\/adelaide\/belair-pizzeria-belair\/events#tabtop?utm_source=api_basic_user&utm_medium=api&utm_campaign=v2.1",
        "phone_numbers": "(08) 8278 4305",
        "all_reviews": {
          "reviews": [
            {
              "review": []
            },
            {
              "review": []
            },
            {
              "review": []
            },
            {
              "review": []
            },
            {
              "review": []
            }
          ]
        },
        "establishment": [],
        "establishment_types": []
      }
    },
    {
      "restaurant": {
        "R": {
          "res_id": 16588298,
          "is_grocery_store": false,
          "has_menu_status": {
            "delivery": -1,
            "takeaway": -1
          }
        },
        "apikey": "c1d331ff7e4dcfb200d33fa7efb9b184",
        "id": "16588298",
        "name": "Lulu's Pizza",
        "url": "https:\/\/www.zomato.com\/adelaide\/lulus-pizza-prospect?utm_source=api_basic_user&utm_medium=api&utm_campaign=v2.1",
        "location": {
          "address": "439 Regency Road, Prospect",
          "locality": "Regency Road, Prospect",
          "city": "Adelaide",
          "city_id": 297,
          "latitude": "-34.8739406507",
          "longitude": "138.5974736139",
          "zipcode": "5082",
          "country_id": 14,
          "locality_verbose": "Regency Road, Prospect, Adelaide, SA"
        },
        "switch_to_order_menu": 0,
        "cuisines": "Italian, Pizza",
        "timings": "5 PM to 10 PM (Mon, Tue, Wed, Thu, Sun), 5 PM to 11 PM (Fri-Sat)",
        "average_cost_for_two": 25,
        "price_range": 1,
        "currency": "$",
        "highlights": [
          "Cash",
          "Debit Card",
          "Delivery",
          "No Alcohol Available",
          "Credit Card",
          "Takeaway Available",
          "Dinner",
          "Gluten Free Options",
          "Indoor Seating",
          "Vegetarian Friendly"
        ],
        "offers": [],
        "opentable_support": 0,
        "is_zomato_book_res": 0,
        "mezzo_provider": "OTHER",
        "is_book_form_web_view": 0,
        "book_form_web_view_url": "",
        "book_again_url": "",
        "thumb": "https:\/\/b.zmtcdn.com\/data\/res_imagery\/16588298_RESTAURANT_e971cb9e831cadf542136b66e2f1bfab.jpg?fit=around%7C200%3A200&crop=200%3A200%3B%2A%2C%2A",
        "user_rating": {
          "aggregate_rating": "3.9",
          "rating_text": "Good",
          "rating_color": "9ACD32",
          "rating_obj": {
            "title": {
              "text": "3.9"
            },
            "bg_color": {
              "type": "lime",
              "tint": "600"
            }
          },
          "votes": 47
        },
        "all_reviews_count": 22,
        "photos_url": "https:\/\/www.zomato.com\/adelaide\/lulus-pizza-prospect\/photos?utm_source=api_basic_user&utm_medium=api&utm_campaign=v2.1#tabtop",
        "photo_count": 4,
        "menu_url": "https:\/\/www.zomato.com\/adelaide\/lulus-pizza-prospect\/menu?utm_source=api_basic_user&utm_medium=api&utm_campaign=v2.1&openSwipeBox=menu&showMinimal=1#tabtop",
        "featured_image": "https:\/\/b.zmtcdn.com\/data\/res_imagery\/16588298_RESTAURANT_e971cb9e831cadf542136b66e2f1bfab.jpg?output-format=webp",
        "medio_provider": false,
        "has_online_delivery": 0,
        "is_delivering_now": 0,
        "store_type": "",
        "include_bogo_offers": true,
        "deeplink": "zomato:\/\/restaurant\/16588298",
        "is_table_reservation_supported": 0,
        "has_table_booking": 0,
        "events_url": "https:\/\/www.zomato.com\/adelaide\/lulus-pizza-prospect\/events#tabtop?utm_source=api_basic_user&utm_medium=api&utm_campaign=v2.1",
        "phone_numbers": "(08) 8344 4300",
        "all_reviews": {
          "reviews": [
            {
              "review": []
            },
            {
              "review": []
            },
            {
              "review": []
            },
            {
              "review": []
            },
            {
              "review": []
            }
          ]
        },
        "establishment": [
          "Casual Dining"
        ],
        "establishment_types": []
      }
    },
    {
      "restaurant": {
        "R": {
          "res_id": 17849697,
          "is_grocery_store": false,
          "has_menu_status": {
            "delivery": -1,
            "takeaway": -1
          }
        },
        "apikey": "c1d331ff7e4dcfb200d33fa7efb9b184",
        "id": "17849697",
        "name": "Veggo Sizzle",
        "url": "https:\/\/www.zomato.com\/adelaide-veggosizzle?utm_source=api_basic_user&utm_medium=api&utm_campaign=v2.1",
        "location": {
          "address": "358 King William Street, Adelaide",
          "locality": "City Centre",
          "city": "Adelaide",
          "city_id": 297,
          "latitude": "-34.9325840000",
          "longitude": "138.6006140000",
          "zipcode": "5000",
          "country_id": 14,
          "locality_verbose": "City Centre"
        },
        "switch_to_order_menu": 0,
        "cuisines": "Vegan, Vegetarian, Juices",
        "timings": "5pm \u2013 9pm (Mon-Sun)",
        "average_cost_for_two": 45,
        "price_range": 2,
        "currency": "$",
        "highlights": [
          "Delivery",
          "Lunch",
          "Takeaway Available",
          "Debit Card",
          "No Alcohol Available",
          "Dinner",
          "Cash",
          "Credit Card",
          "Indoor Seating",
          "Table booking recommended",
          "Vegetarian Friendly",
          "Outdoor Seating",
          "Gluten Free Options"
        ],
        "offers": [],
        "opentable_support": 0,
        "is_zomato_book_res": 0,
        "mezzo_provider": "OTHER",
        "is_book_form_web_view": 0,
        "book_form_web_view_url": "",
        "book_again_url": "",
        "thumb": "https:\/\/b.zmtcdn.com\/data\/res_imagery\/17849697_RESTAURANT_cc6480be1859e390db9583ee155ddc9b.jpg?fit=around%7C200%3A200&crop=200%3A200%3B%2A%2C%2A",
        "user_rating": {
          "aggregate_rating": "3.2",
          "rating_text": "Average",
          "rating_color": "CDD614",
          "rating_obj": {
            "title": {
              "text": "3.2"
            },
            "bg_color": {
              "type": "lime",
              "tint": "500"
            }
          },
          "votes": 32
        },
        "all_reviews_count": 24,
        "photos_url": "https:\/\/www.zomato.com\/adelaide-veggosizzle\/photos?utm_source=api_basic_user&utm_medium=api&utm_campaign=v2.1#tabtop",
        "photo_count": 18,
        "menu_url": "https:\/\/www.zomato.com\/adelaide-veggosizzle\/menu?utm_source=api_basic_user&utm_medium=api&utm_campaign=v2.1&openSwipeBox=menu&showMinimal=1#tabtop",
        "featured_image": "https:\/\/b.zmtcdn.com\/data\/res_imagery\/17849697_RESTAURANT_cc6480be1859e390db9583ee155ddc9b.jpg",
        "medio_provider": false,
        "has_online_delivery": 0,
        "is_delivering_now": 0,
        "store_type": "",
        "include_bogo_offers": true,
        "deeplink": "zomato:\/\/restaurant\/17849697",
        "is_table_reservation_supported": 0,
        "has_table_booking": 0,
        "events_url": "https:\/\/www.zomato.com\/adelaide-veggosizzle\/events#tabtop?utm_source=api_basic_user&utm_medium=api&utm_campaign=v2.1",
        "phone_numbers": "08 8231 7815",
        "all_reviews": {
          "reviews": [
            {
              "review": []
            },
            {
              "review": []
            },
            {
              "review": []
            },
            {
              "review": []
            },
            {
              "review": []
            }
          ]
        },
        "establishment": [
          "Fine Dining"
        ],
        "establishment_types": []
      }
    },
    {
      "restaurant": {
        "R": {
          "res_id": 16587316,
          "is_grocery_store": false,
          "has_menu_status": {
            "delivery": -1,
            "takeaway": -1
          }
        },
        "apikey": "c1d331ff7e4dcfb200d33fa7efb9b184",
        "id": "16587316",
        "name": "Bollywood Indian Restaurant",
        "url": "https:\/\/www.zomato.com\/adelaide\/bollywood-indian-restaurant-city-centre?utm_source=api_basic_user&utm_medium=api&utm_campaign=v2.1",
        "location": {
          "address": "17 Leigh Street, West End, Adelaide",
          "locality": "Leigh Street, City Centre",
          "city": "Adelaide",
          "city_id": 297,
          "latitude": "-34.9235527778",
          "longitude": "138.5976722222",
          "zipcode": "5000",
          "country_id": 14,
          "locality_verbose": "Leigh Street, City Centre, Adelaide, SA"
        },
        "switch_to_order_menu": 0,
        "cuisines": "Indian",
        "timings": "11:30 AM to 2:30 PM, 5:30 PM to 9:30 PM (Mon-Fri),5:30 PM to 9:30 PM (Sat-Sun)",
        "average_cost_for_two": 65,
        "price_range": 3,
        "currency": "$",
        "highlights": [
          "Credit Card",
          "Takeaway Available",
          "Lunch",
          "Delivery",
          "Dinner",
          "Kid Friendly",
          "Vegan Options",
          "Outdoor Seating",
          "Gluten Free Options",
          "Vegetarian Friendly",
          "BYO"
        ],
        "offers": [],
        "opentable_support": 0,
        "is_zomato_book_res": 0,
        "mezzo_provider": "OTHER",
        "is_book_form_web_view": 0,
        "book_form_web_view_url": "",
        "book_again_url": "",
        "thumb": "https:\/\/b.zmtcdn.com\/data\/res_imagery\/16587316_RESTAURANT_17888735d7cf213bd74f35805de467b2.jpg?fit=around%7C200%3A200&crop=200%3A200%3B%2A%2C%2A",
        "user_rating": {
          "aggregate_rating": "3.6",
          "rating_text": "Good",
          "rating_color": "9ACD32",
          "rating_obj": {
            "title": {
              "text": "3.6"
            },
            "bg_color": {
              "type": "lime",
              "tint": "600"
            }
          },
          "votes": 54
        },
        "all_reviews_count": 33,
        "photos_url": "https:\/\/www.zomato.com\/adelaide\/bollywood-indian-restaurant-city-centre\/photos?utm_source=api_basic_user&utm_medium=api&utm_campaign=v2.1#tabtop",
        "photo_count": 2,
        "menu_url": "https:\/\/www.zomato.com\/adelaide\/bollywood-indian-restaurant-city-centre\/menu?utm_source=api_basic_user&utm_medium=api&utm_campaign=v2.1&openSwipeBox=menu&showMinimal=1#tabtop",
        "featured_image": "https:\/\/b.zmtcdn.com\/data\/res_imagery\/16587316_RESTAURANT_17888735d7cf213bd74f35805de467b2.jpg",
        "medio_provider": false,
        "has_online_delivery": 0,
        "is_delivering_now": 0,
        "store_type": "",
        "include_bogo_offers": true,
        "deeplink": "zomato:\/\/restaurant\/16587316",
        "is_table_reservation_supported": 0,
        "has_table_booking": 0,
        "events_url": "https:\/\/www.zomato.com\/adelaide\/bollywood-indian-restaurant-city-centre\/events#tabtop?utm_source=api_basic_user&utm_medium=api&utm_campaign=v2.1",
        "phone_numbers": "(08) 8212 9599",
        "all_reviews": {
          "reviews": [
            {
              "review": []
            },
            {
              "review": []
            },
            {
              "review": []
            },
            {
              "review": []
            },
            {
              "review": []
            }
          ]
        },
        "establishment": [
          "Casual Dining"
        ],
        "establishment_types": []
      }
    },
    {
      "restaurant": {
        "R": {
          "res_id": 18571329,
          "is_grocery_store": false,
          "has_menu_status": {
            "delivery": -1,
            "takeaway": -1
          }
        },
        "apikey": "c1d331ff7e4dcfb200d33fa7efb9b184",
        "id": "18571329",
        "name": "Sushi Planet",
        "url": "https:\/\/www.zomato.com\/adelaide\/sushi-planet-modbury?utm_source=api_basic_user&utm_medium=api&utm_campaign=v2.1",
        "location": {
          "address": "Modbury Triangle Shopping Centre, Shop 15, 954 North East Road, Modbury, Adelaide",
          "locality": "Modbury",
          "city": "Adelaide",
          "city_id": 297,
          "latitude": "-34.8327090000",
          "longitude": "138.6862130000",
          "zipcode": "",
          "country_id": 14,
          "locality_verbose": "Modbury"
        },
        "switch_to_order_menu": 0,
        "cuisines": "Sushi, Japanese",
        "timings": "11:30 AM to 9 PM (Mon, Tue, Wed, Thu, Sun), 11:30 AM to 10 PM (Fri-Sat)",
        "average_cost_for_two": 50,
        "price_range": 2,
        "currency": "$",
        "highlights": [
          "Cash",
          "Debit Card",
          "Delivery",
          "No Alcohol Available",
          "Dinner",
          "Credit Card",
          "Takeaway Available",
          "Lunch",
          "Indoor Seating",
          "Table booking recommended"
        ],
        "offers": [],
        "opentable_support": 0,
        "is_zomato_book_res": 0,
        "mezzo_provider": "OTHER",
        "is_book_form_web_view": 0,
        "book_form_web_view_url": "",
        "book_again_url": "",
        "thumb": "",
        "user_rating": {
          "aggregate_rating": "3.7",
          "rating_text": "Good",
          "rating_color": "9ACD32",
          "rating_obj": {
            "title": {
              "text": "3.7"
            },
            "bg_color": {
              "type": "lime",
              "tint": "600"
            }
          },
          "votes": 23
        },
        "all_reviews_count": 11,
        "photos_url": "https:\/\/www.zomato.com\/adelaide\/sushi-planet-modbury\/photos?utm_source=api_basic_user&utm_medium=api&utm_campaign=v2.1#tabtop",
        "photo_count": 38,
        "menu_url": "https:\/\/www.zomato.com\/adelaide\/sushi-planet-modbury\/menu?utm_source=api_basic_user&utm_medium=api&utm_campaign=v2.1&openSwipeBox=menu&showMinimal=1#tabtop",
        "featured_image": "",
        "medio_provider": false,
        "has_online_delivery": 0,
        "is_delivering_now": 0,
        "store_type": "",
        "include_bogo_offers": true,
        "deeplink": "zomato:\/\/restaurant\/18571329",
        "is_table_reservation_supported": 0,
        "has_table_booking": 0,
        "events_url": "https:\/\/www.zomato.com\/adelaide\/sushi-planet-modbury\/events#tabtop?utm_source=api_basic_user&utm_medium=api&utm_campaign=v2.1",
        "phone_numbers": "(08) 7080 4446",
        "all_reviews": {
          "reviews": [
            {
              "review": []
            },
            {
              "review": []
            },
            {
              "review": []
            },
            {
              "review": []
            },
            {
              "review": []
            }
          ]
        },
        "establishment": [
          "Casual Dining"
        ],
        "establishment_types": []
      }
    },
    {
      "restaurant": {
        "R": {
          "res_id": 18581053,
          "is_grocery_store": false,
          "has_menu_status": {
            "delivery": -1,
            "takeaway": -1
          }
        },
        "apikey": "c1d331ff7e4dcfb200d33fa7efb9b184",
        "id": "18581053",
        "name": "Drunken Monkey Indian Tapas Bar & Restaurant",
        "url": "https:\/\/www.zomato.com\/adelaide\/drunken-monkey-indian-tapas-bar-restaurant-north-adelaide?utm_source=api_basic_user&utm_medium=api&utm_campaign=v2.1",
        "location": {
          "address": "41-41A Connell Street, North Adelaide",
          "locality": "North Adelaide",
          "city": "Adelaide",
          "city_id": 297,
          "latitude": "-34.9079544202",
          "longitude": "138.5963177447",
          "zipcode": "5006",
          "country_id": 14,
          "locality_verbose": "North Adelaide"
        },
        "switch_to_order_menu": 0,
        "cuisines": "Asian, Fusion, Indian, Tapas",
        "timings": "5:30pm \u2013 10pm (Mon-Thu),12noon \u2013 3pm, 5:30pm \u2013 10:30pm (Fri-Sat),12noon \u2013 3pm, 5:30pm \u2013 10pm (Sun)",
        "average_cost_for_two": 0,
        "price_range": 1,
        "currency": "$",
        "highlights": [
          "Lunch",
          "Credit Card",
          "Delivery",
          "Dinner",
          "Cash",
          "Debit Card",
          "Takeaway Available",
          "Wine",
          "Serves Cocktails",
          "Outdoor Seating",
          "Vegetarian Friendly",
          "Shared Plates",
          "Craft Beer",
          "Indoor Seating",
          "Table booking recommended",
          "Beer",
          "EFTPos",
          "Kid Friendly",
          "Dairy Free",
          "Corkage Fee Charged",
          "BYO"
        ],
        "offers": [],
        "opentable_support": 0,
        "is_zomato_book_res": 0,
        "mezzo_provider": "OTHER",
        "is_book_form_web_view": 0,
        "book_form_web_view_url": "",
        "book_again_url": "",
        "thumb": "",
        "user_rating": {
          "aggregate_rating": "3.5",
          "rating_text": "Good",
          "rating_color": "9ACD32",
          "rating_obj": {
            "title": {
              "text": "3.5"
            },
            "bg_color": {
              "type": "lime",
              "tint": "500"
            }
          },
          "votes": 25
        },
        "all_reviews_count": 17,
        "photos_url": "https:\/\/www.zomato.com\/adelaide\/drunken-monkey-indian-tapas-bar-restaurant-north-adelaide\/photos?utm_source=api_basic_user&utm_medium=api&utm_campaign=v2.1#tabtop",
        "photo_count": 30,
        "menu_url": "https:\/\/www.zomato.com\/adelaide\/drunken-monkey-indian-tapas-bar-restaurant-north-adelaide\/menu?utm_source=api_basic_user&utm_medium=api&utm_campaign=v2.1&openSwipeBox=menu&showMinimal=1#tabtop",
        "featured_image": "",
        "medio_provider": false,
        "has_online_delivery": 0,
        "is_delivering_now": 0,
        "store_type": "",
        "include_bogo_offers": true,
        "deeplink": "zomato:\/\/restaurant\/18581053",
        "is_table_reservation_supported": 0,
        "has_table_booking": 0,
        "events_url": "https:\/\/www.zomato.com\/adelaide\/drunken-monkey-indian-tapas-bar-restaurant-north-adelaide\/events#tabtop?utm_source=api_basic_user&utm_medium=api&utm_campaign=v2.1",
        "phone_numbers": "(08) 8267 1393",
        "all_reviews": {
          "reviews": [
            {
              "review": []
            },
            {
              "review": []
            },
            {
              "review": []
            },
            {
              "review": []
            },
            {
              "review": []
            }
          ]
        },
        "establishment": [
          "Casual Dining"
        ],
        "establishment_types": []
      }
    },
    {
      "restaurant": {
        "R": {
          "res_id": 16587649,
          "is_grocery_store": false,
          "has_menu_status": {
            "delivery": -1,
            "takeaway": -1
          }
        },
        "apikey": "c1d331ff7e4dcfb200d33fa7efb9b184",
        "id": "16587649",
        "name": "Vietnam Gourmet",
        "url": "https:\/\/www.zomato.com\/adelaide\/vietnam-gourmet-millswood?utm_source=api_basic_user&utm_medium=api&utm_campaign=v2.1",
        "location": {
          "address": "Shop 1, 167 Goodwood Road, Millswood",
          "locality": "Goodwood Road, Millswood",
          "city": "Adelaide",
          "city_id": 297,
          "latitude": "-34.9547434639",
          "longitude": "138.5900599882",
          "zipcode": "5034",
          "country_id": 14,
          "locality_verbose": "Goodwood Road, Millswood, Adelaide, SA"
        },
        "switch_to_order_menu": 0,
        "cuisines": "Asian, Vietnamese",
        "timings": "11:30 AM to 3 PM, 5 PM to 9 PM (Mon-Fri),5 PM to 9 PM (Sat-Sun)",
        "average_cost_for_two": 75,
        "price_range": 3,
        "currency": "$",
        "highlights": [
          "Credit Card",
          "Takeaway Available",
          "Dinner",
          "Delivery",
          "Lunch",
          "Indoor Seating",
          "Vegan Options",
          "Fullbar",
          "Outdoor Seating",
          "Gluten Free Options",
          "Vegetarian Friendly"
        ],
        "offers": [],
        "opentable_support": 0,
        "is_zomato_book_res": 0,
        "mezzo_provider": "OTHER",
        "is_book_form_web_view": 0,
        "book_form_web_view_url": "",
        "book_again_url": "",
        "thumb": "https:\/\/b.zmtcdn.com\/data\/res_imagery\/16587649_RESTAURANT_ea24422875131aff86c4bca6eca53e1b.jpg?fit=around%7C200%3A200&crop=200%3A200%3B%2A%2C%2A",
        "user_rating": {
          "aggregate_rating": "3.7",
          "rating_text": "Good",
          "rating_color": "9ACD32",
          "rating_obj": {
            "title": {
              "text": "3.7"
            },
            "bg_color": {
              "type": "lime",
              "tint": "600"
            }
          },
          "votes": 43
        },
        "all_reviews_count": 26,
        "photos_url": "https:\/\/www.zomato.com\/adelaide\/vietnam-gourmet-millswood\/photos?utm_source=api_basic_user&utm_medium=api&utm_campaign=v2.1#tabtop",
        "photo_count": 17,
        "menu_url": "https:\/\/www.zomato.com\/adelaide\/vietnam-gourmet-millswood\/menu?utm_source=api_basic_user&utm_medium=api&utm_campaign=v2.1&openSwipeBox=menu&showMinimal=1#tabtop",
        "featured_image": "https:\/\/b.zmtcdn.com\/data\/res_imagery\/16587649_RESTAURANT_ea24422875131aff86c4bca6eca53e1b.jpg",
        "medio_provider": false,
        "has_online_delivery": 0,
        "is_delivering_now": 0,
        "store_type": "",
        "include_bogo_offers": true,
        "deeplink": "zomato:\/\/restaurant\/16587649",
        "is_table_reservation_supported": 0,
        "has_table_booking": 0,
        "events_url": "https:\/\/www.zomato.com\/adelaide\/vietnam-gourmet-millswood\/events#tabtop?utm_source=api_basic_user&utm_medium=api&utm_campaign=v2.1",
        "phone_numbers": "(08) 8271 2555",
        "all_reviews": {
          "reviews": [
            {
              "review": []
            },
            {
              "review": []
            },
            {
              "review": []
            },
            {
              "review": []
            },
            {
              "review": []
            }
          ]
        },
        "establishment": [
          "Casual Dining"
        ],
        "establishment_types": []
      }
    },
    {
      "restaurant": {
        "R": {
          "res_id": 16587707,
          "is_grocery_store": false,
          "has_menu_status": {
            "delivery": -1,
            "takeaway": -1
          }
        },
        "apikey": "c1d331ff7e4dcfb200d33fa7efb9b184",
        "id": "16587707",
        "name": "Yang Tse River Chinese Restaurant",
        "url": "https:\/\/www.zomato.com\/adelaide\/yang-tse-river-chinese-restaurant-glynde?utm_source=api_basic_user&utm_medium=api&utm_campaign=v2.1",
        "location": {
          "address": "447 Payneham Road, Felixstow, Glynde",
          "locality": "Payneham Road, Glynde",
          "city": "Adelaide",
          "city_id": 297,
          "latitude": "-34.8898388889",
          "longitude": "138.6552111111",
          "zipcode": "5070",
          "country_id": 14,
          "locality_verbose": "Payneham Road, Glynde, Adelaide, SA"
        },
        "switch_to_order_menu": 0,
        "cuisines": "Chinese, Asian",
        "timings": "5 PM to 10:30 PM (Mon-Sun)",
        "average_cost_for_two": 60,
        "price_range": 3,
        "currency": "$",
        "highlights": [
          "Cash",
          "Delivery",
          "Dinner",
          "Credit Card",
          "Takeaway Available",
          "Outdoor Seating",
          "Vegetarian Friendly",
          "Indoor Seating",
          "Fullbar"
        ],
        "offers": [],
        "opentable_support": 0,
        "is_zomato_book_res": 0,
        "mezzo_provider": "OTHER",
        "is_book_form_web_view": 0,
        "book_form_web_view_url": "",
        "book_again_url": "",
        "thumb": "https:\/\/b.zmtcdn.com\/data\/res_imagery\/16587707_RESTAURANT_f1a4a5e63b9af4b51e17f146f75ea57d.jpg?fit=around%7C200%3A200&crop=200%3A200%3B%2A%2C%2A",
        "user_rating": {
          "aggregate_rating": "3.8",
          "rating_text": "Good",
          "rating_color": "9ACD32",
          "rating_obj": {
            "title": {
              "text": "3.8"
            },
            "bg_color": {
              "type": "lime",
              "tint": "600"
            }
          },
          "votes": 40
        },
        "all_reviews_count": 15,
        "photos_url": "https:\/\/www.zomato.com\/adelaide\/yang-tse-river-chinese-restaurant-glynde\/photos?utm_source=api_basic_user&utm_medium=api&utm_campaign=v2.1#tabtop",
        "photo_count": 30,
        "menu_url": "https:\/\/www.zomato.com\/adelaide\/yang-tse-river-chinese-restaurant-glynde\/menu?utm_source=api_basic_user&utm_medium=api&utm_campaign=v2.1&openSwipeBox=menu&showMinimal=1#tabtop",
        "featured_image": "https:\/\/b.zmtcdn.com\/data\/res_imagery\/16587707_RESTAURANT_f1a4a5e63b9af4b51e17f146f75ea57d.jpg",
        "medio_provider": false,
        "has_online_delivery": 0,
        "is_delivering_now": 0,
        "store_type": "",
        "include_bogo_offers": true,
        "deeplink": "zomato:\/\/restaurant\/16587707",
        "is_table_reservation_supported": 0,
        "has_table_booking": 0,
        "events_url": "https:\/\/www.zomato.com\/adelaide\/yang-tse-river-chinese-restaurant-glynde\/events#tabtop?utm_source=api_basic_user&utm_medium=api&utm_campaign=v2.1",
        "phone_numbers": "(08) 8337 6667",
        "all_reviews": {
          "reviews": [
            {
              "review": []
            },
            {
              "review": []
            },
            {
              "review": []
            },
            {
              "review": []
            },
            {
              "review": []
            }
          ]
        },
        "establishment": [
          "Casual Dining"
        ],
        "establishment_types": []
      }
    },
    {
      "restaurant": {
        "R": {
          "res_id": 16586947,
          "is_grocery_store": false,
          "has_menu_status": {
            "delivery": -1,
            "takeaway": -1
          }
        },
        "apikey": "c1d331ff7e4dcfb200d33fa7efb9b184",
        "id": "16586947",
        "name": "Giovanni Ristorante Pizzeria",
        "url": "https:\/\/www.zomato.com\/adelaide\/giovanni-ristorante-pizzeria-mount-barker?utm_source=api_basic_user&utm_medium=api&utm_campaign=v2.1",
        "location": {
          "address": "15 Morphett Street, Mount Barker, Adelaide",
          "locality": "Morphett Street, Mount Barker",
          "city": "Adelaide",
          "city_id": 297,
          "latitude": "-35.0657722222",
          "longitude": "138.8583055556",
          "zipcode": "5251",
          "country_id": 14,
          "locality_verbose": "Morphett Street, Mount Barker, Adelaide, SA"
        },
        "switch_to_order_menu": 0,
        "cuisines": "Italian, Pizza",
        "timings": "Closed (Mon),4 PM to 10:30 PM (Tue, Wed, Sat), 11 AM to 10:30 PM (Thu-Fri),11 AM to 9:30 PM (Sun)",
        "average_cost_for_two": 100,
        "price_range": 4,
        "currency": "$",
        "highlights": [
          "Delivery",
          "Dinner",
          "Takeaway Available",
          "Lunch",
          "Outdoor Seating",
          "Gluten Free Options",
          "Kid Friendly"
        ],
        "offers": [],
        "opentable_support": 0,
        "is_zomato_book_res": 0,
        "mezzo_provider": "OTHER",
        "is_book_form_web_view": 0,
        "book_form_web_view_url": "",
        "book_again_url": "",
        "thumb": "https:\/\/b.zmtcdn.com\/data\/res_imagery\/16586947_RESTAURANT_c2273bb4633423905bffee565ed19413.jpg?fit=around%7C200%3A200&crop=200%3A200%3B%2A%2C%2A",
        "user_rating": {
          "aggregate_rating": "3.1",
          "rating_text": "Average",
          "rating_color": "CDD614",
          "rating_obj": {
            "title": {
              "text": "3.1"
            },
            "bg_color": {
              "type": "lime",
              "tint": "500"
            }
          },
          "votes": 55
        },
        "all_reviews_count": 35,
        "photos_url": "https:\/\/www.zomato.com\/adelaide\/giovanni-ristorante-pizzeria-mount-barker\/photos?utm_source=api_basic_user&utm_medium=api&utm_campaign=v2.1#tabtop",
        "photo_count": 6,
        "menu_url": "https:\/\/www.zomato.com\/adelaide\/giovanni-ristorante-pizzeria-mount-barker\/menu?utm_source=api_basic_user&utm_medium=api&utm_campaign=v2.1&openSwipeBox=menu&showMinimal=1#tabtop",
        "featured_image": "https:\/\/b.zmtcdn.com\/data\/res_imagery\/16586947_RESTAURANT_c2273bb4633423905bffee565ed19413.jpg",
        "medio_provider": false,
        "has_online_delivery": 0,
        "is_delivering_now": 0,
        "store_type": "",
        "include_bogo_offers": true,
        "deeplink": "zomato:\/\/restaurant\/16586947",
        "is_table_reservation_supported": 0,
        "has_table_booking": 0,
        "events_url": "https:\/\/www.zomato.com\/adelaide\/giovanni-ristorante-pizzeria-mount-barker\/events#tabtop?utm_source=api_basic_user&utm_medium=api&utm_campaign=v2.1",
        "phone_numbers": "(08) 8398 3399",
        "all_reviews": {
          "reviews": [
            {
              "review": []
            },
            {
              "review": []
            },
            {
              "review": []
            },
            {
              "review": []
            },
            {
              "review": []
            }
          ]
        },
        "establishment": [
          "Casual Dining"
        ],
        "establishment_types": []
      }
    },
    {
      "restaurant": {
        "R": {
          "res_id": 16587287,
          "is_grocery_store": false,
          "has_menu_status": {
            "delivery": -1,
            "takeaway": -1
          }
        },
        "apikey": "c1d331ff7e4dcfb200d33fa7efb9b184",
        "id": "16587287",
        "name": "Al Pacino's Pizzeria",
        "url": "https:\/\/www.zomato.com\/adelaide\/al-pacinos-pizzeria-broadview?utm_source=api_basic_user&utm_medium=api&utm_campaign=v2.1",
        "location": {
          "address": "589 Regency Road, Broadview",
          "locality": "Regency Road, Broadview",
          "city": "Adelaide",
          "city_id": 297,
          "latitude": "-34.8730611111",
          "longitude": "138.6148222222",
          "zipcode": "5083",
          "country_id": 14,
          "locality_verbose": "Regency Road, Broadview, Adelaide, SA"
        },
        "switch_to_order_menu": 0,
        "cuisines": "Italian, Pizza",
        "timings": "4 PM to 10 PM (Mon-Sun)",
        "average_cost_for_two": 30,
        "price_range": 2,
        "currency": "$",
        "highlights": [
          "Cash",
          "Debit Card",
          "Delivery",
          "No Alcohol Available",
          "Credit Card",
          "Takeaway Available",
          "Dinner",
          "Gluten Free Options",
          "Indoor Seating",
          "Vegetarian Friendly"
        ],
        "offers": [],
        "opentable_support": 0,
        "is_zomato_book_res": 0,
        "mezzo_provider": "OTHER",
        "is_book_form_web_view": 0,
        "book_form_web_view_url": "",
        "book_again_url": "",
        "thumb": "https:\/\/b.zmtcdn.com\/data\/res_imagery\/16587287_RESTAURANT_812fede7a2efa14d3865eff12167f7c1.jpg?fit=around%7C200%3A200&crop=200%3A200%3B%2A%2C%2A",
        "user_rating": {
          "aggregate_rating": "4.0",
          "rating_text": "Very Good",
          "rating_color": "5BA829",
          "rating_obj": {
            "title": {
              "text": "4.0"
            },
            "bg_color": {
              "type": "lime",
              "tint": "600"
            }
          },
          "votes": 55
        },
        "all_reviews_count": 25,
        "photos_url": "https:\/\/www.zomato.com\/adelaide\/al-pacinos-pizzeria-broadview\/photos?utm_source=api_basic_user&utm_medium=api&utm_campaign=v2.1#tabtop",
        "photo_count": 6,
        "menu_url": "https:\/\/www.zomato.com\/adelaide\/al-pacinos-pizzeria-broadview\/menu?utm_source=api_basic_user&utm_medium=api&utm_campaign=v2.1&openSwipeBox=menu&showMinimal=1#tabtop",
        "featured_image": "https:\/\/b.zmtcdn.com\/data\/res_imagery\/16587287_RESTAURANT_812fede7a2efa14d3865eff12167f7c1.jpg",
        "medio_provider": false,
        "has_online_delivery": 0,
        "is_delivering_now": 0,
        "store_type": "",
        "include_bogo_offers": true,
        "deeplink": "zomato:\/\/restaurant\/16587287",
        "is_table_reservation_supported": 0,
        "has_table_booking": 0,
        "events_url": "https:\/\/www.zomato.com\/adelaide\/al-pacinos-pizzeria-broadview\/events#tabtop?utm_source=api_basic_user&utm_medium=api&utm_campaign=v2.1",
        "phone_numbers": "(08) 8261 1413",
        "all_reviews": {
          "reviews": [
            {
              "review": []
            },
            {
              "review": []
            },
            {
              "review": []
            },
            {
              "review": []
            },
            {
              "review": []
            }
          ]
        },
        "establishment": [],
        "establishment_types": []
      }
    },
    {
      "restaurant": {
        "R": {
          "res_id": 16589699,
          "is_grocery_store": false,
          "has_menu_status": {
            "delivery": -1,
            "takeaway": -1
          }
        },
        "apikey": "c1d331ff7e4dcfb200d33fa7efb9b184",
        "id": "16589699",
        "name": "Crave",
        "url": "https:\/\/www.zomato.com\/adelaide\/crave-city-centre?utm_source=api_basic_user&utm_medium=api&utm_campaign=v2.1",
        "location": {
          "address": "443 Pulteney Street, Adelaide",
          "locality": "Pulteney Street, City Centre",
          "city": "Adelaide",
          "city_id": 297,
          "latitude": "-34.9340953207",
          "longitude": "138.6064107344",
          "zipcode": "5000",
          "country_id": 14,
          "locality_verbose": "Pulteney Street, City Centre, Adelaide, SA"
        },
        "switch_to_order_menu": 0,
        "cuisines": "Burger, Pizza",
        "timings": "Closed (Mon),5:30 PM to 11 PM (Tue-Sun)",
        "average_cost_for_two": 30,
        "price_range": 2,
        "currency": "$",
        "highlights": [
          "Credit Card",
          "Delivery",
          "Dinner",
          "Takeaway Available",
          "Gluten Free Options",
          "Indoor Seating",
          "Vegetarian Friendly"
        ],
        "offers": [],
        "opentable_support": 0,
        "is_zomato_book_res": 0,
        "mezzo_provider": "OTHER",
        "is_book_form_web_view": 0,
        "book_form_web_view_url": "",
        "book_again_url": "",
        "thumb": "https:\/\/b.zmtcdn.com\/data\/res_imagery\/16589699_RESTAURANT_cc749cb5ad50dc23cbfbe9fcbb377cb4.jpg?fit=around%7C200%3A200&crop=200%3A200%3B%2A%2C%2A",
        "user_rating": {
          "aggregate_rating": "3.7",
          "rating_text": "Good",
          "rating_color": "9ACD32",
          "rating_obj": {
            "title": {
              "text": "3.7"
            },
            "bg_color": {
              "type": "lime",
              "tint": "600"
            }
          },
          "votes": 15
        },
        "all_reviews_count": 8,
        "photos_url": "https:\/\/www.zomato.com\/adelaide\/crave-city-centre\/photos?utm_source=api_basic_user&utm_medium=api&utm_campaign=v2.1#tabtop",
        "photo_count": 10,
        "menu_url": "https:\/\/www.zomato.com\/adelaide\/crave-city-centre\/menu?utm_source=api_basic_user&utm_medium=api&utm_campaign=v2.1&openSwipeBox=menu&showMinimal=1#tabtop",
        "featured_image": "https:\/\/b.zmtcdn.com\/data\/res_imagery\/16589699_RESTAURANT_cc749cb5ad50dc23cbfbe9fcbb377cb4.jpg",
        "medio_provider": false,
        "has_online_delivery": 0,
        "is_delivering_now": 0,
        "store_type": "",
        "include_bogo_offers": true,
        "deeplink": "zomato:\/\/restaurant\/16589699",
        "is_table_reservation_supported": 0,
        "has_table_booking": 0,
        "events_url": "https:\/\/www.zomato.com\/adelaide\/crave-city-centre\/events#tabtop?utm_source=api_basic_user&utm_medium=api&utm_campaign=v2.1",
        "phone_numbers": "(08) 8224 0576",
        "all_reviews": {
          "reviews": [
            {
              "review": []
            },
            {
              "review": []
            },
            {
              "review": []
            },
            {
              "review": []
            },
            {
              "review": []
            }
          ]
        },
        "establishment": [
          "Casual Dining"
        ],
        "establishment_types": []
      }
    },
    {
      "restaurant": {
        "R": {
          "res_id": 16586760,
          "is_grocery_store": false,
          "has_menu_status": {
            "delivery": -1,
            "takeaway": -1
          }
        },
        "apikey": "c1d331ff7e4dcfb200d33fa7efb9b184",
        "id": "16586760",
        "name": "Amarin Thai",
        "url": "https:\/\/www.zomato.com\/adelaide\/amarin-thai-north-adelaide?utm_source=api_basic_user&utm_medium=api&utm_campaign=v2.1",
        "location": {
          "address": "108 Tynte Street, North Adelaide",
          "locality": "North Adelaide",
          "city": "Adelaide",
          "city_id": 297,
          "latitude": "-34.9056750000",
          "longitude": "138.5965277778",
          "zipcode": "5006",
          "country_id": 14,
          "locality_verbose": "North Adelaide"
        },
        "switch_to_order_menu": 0,
        "cuisines": "Thai",
        "timings": "6 PM to 9:30 PM (Mon-Tue),12 Noon to 2:30 PM, 6 PM to 9:30 PM (Wed-Sun)",
        "average_cost_for_two": 80,
        "price_range": 3,
        "currency": "$",
        "highlights": [
          "Cash",
          "Debit Card",
          "Delivery",
          "Lunch",
          "Credit Card",
          "Takeaway Available",
          "Dinner",
          "Gluten Free Options",
          "Lunch Menu",
          "Indoor Seating",
          "Vegetarian Friendly",
          "Fullbar"
        ],
        "offers": [],
        "opentable_support": 0,
        "is_zomato_book_res": 0,
        "mezzo_provider": "OTHER",
        "is_book_form_web_view": 0,
        "book_form_web_view_url": "",
        "book_again_url": "",
        "thumb": "https:\/\/b.zmtcdn.com\/data\/res_imagery\/16586760_RESTAURANT_73b0f443d4c683b263b916fc3c4ba701.jpg?fit=around%7C200%3A200&crop=200%3A200%3B%2A%2C%2A",
        "user_rating": {
          "aggregate_rating": "3.7",
          "rating_text": "Good",
          "rating_color": "9ACD32",
          "rating_obj": {
            "title": {
              "text": "3.7"
            },
            "bg_color": {
              "type": "lime",
              "tint": "600"
            }
          },
          "votes": 128
        },
        "all_reviews_count": 71,
        "photos_url": "https:\/\/www.zomato.com\/adelaide\/amarin-thai-north-adelaide\/photos?utm_source=api_basic_user&utm_medium=api&utm_campaign=v2.1#tabtop",
        "photo_count": 20,
        "menu_url": "https:\/\/www.zomato.com\/adelaide\/amarin-thai-north-adelaide\/menu?utm_source=api_basic_user&utm_medium=api&utm_campaign=v2.1&openSwipeBox=menu&showMinimal=1#tabtop",
        "featured_image": "https:\/\/b.zmtcdn.com\/data\/res_imagery\/16586760_RESTAURANT_73b0f443d4c683b263b916fc3c4ba701.jpg",
        "medio_provider": false,
        "has_online_delivery": 0,
        "is_delivering_now": 0,
        "store_type": "",
        "include_bogo_offers": true,
        "deeplink": "zomato:\/\/restaurant\/16586760",
        "is_table_reservation_supported": 0,
        "has_table_booking": 0,
        "events_url": "https:\/\/www.zomato.com\/adelaide\/amarin-thai-north-adelaide\/events#tabtop?utm_source=api_basic_user&utm_medium=api&utm_campaign=v2.1",
        "phone_numbers": "(08) 8239 0026",
        "all_reviews": {
          "reviews": [
            {
              "review": []
            },
            {
              "review": []
            },
            {
              "review": []
            },
            {
              "review": []
            },
            {
              "review": []
            }
          ]
        },
        "establishment": [
          "Casual Dining"
        ],
        "establishment_types": []
      }
    },
    {
      "restaurant": {
        "R": {
          "res_id": 16587398,
          "is_grocery_store": false,
          "has_menu_status": {
            "delivery": -1,
            "takeaway": -1
          }
        },
        "apikey": "c1d331ff7e4dcfb200d33fa7efb9b184",
        "id": "16587398",
        "name": "Chus",
        "url": "https:\/\/www.zomato.com\/adelaide\/chus-parkside?utm_source=api_basic_user&utm_medium=api&utm_campaign=v2.1",
        "location": {
          "address": "40 Unley Road, Parkside, Adelaide",
          "locality": "Unley Road, Parkside",
          "city": "Adelaide",
          "city_id": 297,
          "latitude": "-34.9430660000",
          "longitude": "138.6067500000",
          "zipcode": "5061",
          "country_id": 14,
          "locality_verbose": "Unley Road, Parkside, Adelaide, SA"
        },
        "switch_to_order_menu": 0,
        "cuisines": "Chinese, Vietnamese",
        "timings": "Closed (Mon),5:30 PM to 10:30 PM (Tue, Wed, Thu, Sat, Sun), 12 Noon to 2:30 PM, 5:30 PM to 10:30 PM (Fri)",
        "average_cost_for_two": 50,
        "price_range": 2,
        "currency": "$",
        "highlights": [
          "Lunch",
          "Credit Card",
          "Dinner",
          "Delivery",
          "Takeaway Available",
          "Kid Friendly",
          "Fullbar",
          "Gluten Free Options",
          "Vegan Options",
          "Vegetarian Friendly",
          "Indoor Seating"
        ],
        "offers": [],
        "opentable_support": 0,
        "is_zomato_book_res": 0,
        "mezzo_provider": "OTHER",
        "is_book_form_web_view": 0,
        "book_form_web_view_url": "",
        "book_again_url": "",
        "thumb": "https:\/\/b.zmtcdn.com\/data\/res_imagery\/16587398_RESTAURANT_a710d9e6a9d1f1a99e04d9aa1933e708.jpg?fit=around%7C200%3A200&crop=200%3A200%3B%2A%2C%2A",
        "user_rating": {
          "aggregate_rating": "3.5",
          "rating_text": "Good",
          "rating_color": "9ACD32",
          "rating_obj": {
            "title": {
              "text": "3.5"
            },
            "bg_color": {
              "type": "lime",
              "tint": "500"
            }
          },
          "votes": 55
        },
        "all_reviews_count": 23,
        "photos_url": "https:\/\/www.zomato.com\/adelaide\/chus-parkside\/photos?utm_source=api_basic_user&utm_medium=api&utm_campaign=v2.1#tabtop",
        "photo_count": 3,
        "menu_url": "https:\/\/www.zomato.com\/adelaide\/chus-parkside\/menu?utm_source=api_basic_user&utm_medium=api&utm_campaign=v2.1&openSwipeBox=menu&showMinimal=1#tabtop",
        "featured_image": "https:\/\/b.zmtcdn.com\/data\/res_imagery\/16587398_RESTAURANT_a710d9e6a9d1f1a99e04d9aa1933e708.jpg",
        "medio_provider": false,
        "has_online_delivery": 0,
        "is_delivering_now": 0,
        "store_type": "",
        "include_bogo_offers": true,
        "deeplink": "zomato:\/\/restaurant\/16587398",
        "is_table_reservation_supported": 0,
        "has_table_booking": 0,
        "events_url": "https:\/\/www.zomato.com\/adelaide\/chus-parkside\/events#tabtop?utm_source=api_basic_user&utm_medium=api&utm_campaign=v2.1",
        "phone_numbers": "(08) 8272 4455",
        "all_reviews": {
          "reviews": [
            {
              "review": []
            },
            {
              "review": []
            },
            {
              "review": []
            },
            {
              "review": []
            },
            {
              "review": []
            }
          ]
        },
        "establishment": [
          "Casual Dining"
        ],
        "establishment_types": []
      }
    },
    {
      "restaurant": {
        "R": {
          "res_id": 16587274,
          "is_grocery_store": false,
          "has_menu_status": {
            "delivery": -1,
            "takeaway": -1
          }
        },
        "apikey": "c1d331ff7e4dcfb200d33fa7efb9b184",
        "id": "16587274",
        "name": "Zen Chinese Restaurant",
        "url": "https:\/\/www.zomato.com\/adelaide\/zen-chinese-restaurant-magill?utm_source=api_basic_user&utm_medium=api&utm_campaign=v2.1",
        "location": {
          "address": "562 Magill Road, Magill",
          "locality": "Magill Road, Magill",
          "city": "Adelaide",
          "city_id": 297,
          "latitude": "-34.9130983125",
          "longitude": "138.6756905168",
          "zipcode": "5072",
          "country_id": 14,
          "locality_verbose": "Magill Road, Magill, Adelaide, SA"
        },
        "switch_to_order_menu": 0,
        "cuisines": "Asian, Chinese",
        "timings": "Closed (Mon),5 PM to 9 PM (Tue, Wed, Thu, Sun), 5 PM to 10 PM (Fri-Sat)",
        "average_cost_for_two": 60,
        "price_range": 3,
        "currency": "$",
        "highlights": [
          "Cash",
          "Debit Card",
          "Delivery",
          "Dinner",
          "Credit Card",
          "Takeaway Available",
          "Lunch",
          "Gluten Free Options",
          "BYO",
          "Table booking recommended",
          "Indoor Seating",
          "Vegetarian Friendly",
          "Fullbar"
        ],
        "offers": [],
        "opentable_support": 0,
        "is_zomato_book_res": 0,
        "mezzo_provider": "OTHER",
        "is_book_form_web_view": 0,
        "book_form_web_view_url": "",
        "book_again_url": "",
        "thumb": "https:\/\/b.zmtcdn.com\/data\/res_imagery\/16587274_RESTAURANT_933dab0110fea8ef446dd1807c05bc38.jpg?fit=around%7C200%3A200&crop=200%3A200%3B%2A%2C%2A",
        "user_rating": {
          "aggregate_rating": "3.7",
          "rating_text": "Good",
          "rating_color": "9ACD32",
          "rating_obj": {
            "title": {
              "text": "3.7"
            },
            "bg_color": {
              "type": "lime",
              "tint": "600"
            }
          },
          "votes": 32
        },
        "all_reviews_count": 11,
        "photos_url": "https:\/\/www.zomato.com\/adelaide\/zen-chinese-restaurant-magill\/photos?utm_source=api_basic_user&utm_medium=api&utm_campaign=v2.1#tabtop",
        "photo_count": 35,
        "menu_url": "https:\/\/www.zomato.com\/adelaide\/zen-chinese-restaurant-magill\/menu?utm_source=api_basic_user&utm_medium=api&utm_campaign=v2.1&openSwipeBox=menu&showMinimal=1#tabtop",
        "featured_image": "https:\/\/b.zmtcdn.com\/data\/res_imagery\/16587274_RESTAURANT_933dab0110fea8ef446dd1807c05bc38.jpg",
        "medio_provider": false,
        "has_online_delivery": 0,
        "is_delivering_now": 0,
        "store_type": "",
        "include_bogo_offers": true,
        "deeplink": "zomato:\/\/restaurant\/16587274",
        "is_table_reservation_supported": 0,
        "has_table_booking": 0,
        "events_url": "https:\/\/www.zomato.com\/adelaide\/zen-chinese-restaurant-magill\/events#tabtop?utm_source=api_basic_user&utm_medium=api&utm_campaign=v2.1",
        "phone_numbers": "08 8364 2333",
        "all_reviews": {
          "reviews": [
            {
              "review": []
            },
            {
              "review": []
            },
            {
              "review": []
            },
            {
              "review": []
            },
            {
              "review": []
            }
          ]
        },
        "establishment": [
          "Casual Dining"
        ],
        "establishment_types": []
      }
    }
  ]
}
]
