[
{
  "results_found": 3525,
  "results_start": 20,
  "results_shown": 20,
  "restaurants": [
    {
      "restaurant": {
        "R": {
          "res_id": 16586943,
          "is_grocery_store": false,
          "has_menu_status": {
            "delivery": -1,
            "takeaway": -1
          }
        },
        "apikey": "c1d331ff7e4dcfb200d33fa7efb9b184",
        "id": "16586943",
        "name": "Georges on Waymouth",
        "url": "https:\/\/www.zomato.com\/adelaide\/georges-on-waymouth-city-centre?utm_source=api_basic_user&utm_medium=api&utm_campaign=v2.1",
        "location": {
          "address": "20 Waymouth Street, Adelaide",
          "locality": "Waymouth Street, City Centre",
          "city": "Adelaide",
          "city_id": 297,
          "latitude": "-34.9257861111",
          "longitude": "138.5992138889",
          "zipcode": "5000",
          "country_id": 14,
          "locality_verbose": "Waymouth Street, City Centre, Adelaide, SA"
        },
        "switch_to_order_menu": 0,
        "cuisines": "European",
        "timings": "7:30 AM to 5 PM ",
        "average_cost_for_two": 130,
        "price_range": 4,
        "currency": "$",
        "highlights": [
          "Breakfast",
          "Lunch",
          "Cash",
          "Dinner",
          "Credit Card",
          "Vegan Options",
          "Outdoor Seating",
          "Luxury Dining",
          "Smoking Area",
          "Wifi",
          "Gluten Free Options",
          "Vegetarian Friendly",
          "Fullbar",
          "Indoor Seating",
          "Wheelchair Accessible"
        ],
        "offers": [],
        "opentable_support": 0,
        "is_zomato_book_res": 0,
        "mezzo_provider": "OTHER",
        "is_book_form_web_view": 0,
        "book_form_web_view_url": "",
        "book_again_url": "",
        "thumb": "https:\/\/b.zmtcdn.com\/data\/res_imagery\/16586943_RESTAURANT_80d750a6211e983a69e7b65db8d6ad76.jpg?fit=around%7C200%3A200&crop=200%3A200%3B%2A%2C%2A",
        "user_rating": {
          "aggregate_rating": "4.6",
          "rating_text": "Excellent",
          "rating_color": "3F7E00",
          "rating_obj": {
            "title": {
              "text": "4.6"
            },
            "bg_color": {
              "type": "lime",
              "tint": "800"
            }
          },
          "votes": 355
        },
        "all_reviews_count": 132,
        "photos_url": "https:\/\/www.zomato.com\/adelaide\/georges-on-waymouth-city-centre\/photos?utm_source=api_basic_user&utm_medium=api&utm_campaign=v2.1#tabtop",
        "photo_count": 162,
        "menu_url": "https:\/\/www.zomato.com\/adelaide\/georges-on-waymouth-city-centre\/menu?utm_source=api_basic_user&utm_medium=api&utm_campaign=v2.1&openSwipeBox=menu&showMinimal=1#tabtop",
        "featured_image": "https:\/\/b.zmtcdn.com\/data\/res_imagery\/16586943_RESTAURANT_80d750a6211e983a69e7b65db8d6ad76.jpg",
        "medio_provider": false,
        "has_online_delivery": 0,
        "is_delivering_now": 0,
        "store_type": "",
        "include_bogo_offers": true,
        "deeplink": "zomato:\/\/restaurant\/16586943",
        "is_table_reservation_supported": 0,
        "has_table_booking": 0,
        "events_url": "https:\/\/www.zomato.com\/adelaide\/georges-on-waymouth-city-centre\/events#tabtop?utm_source=api_basic_user&utm_medium=api&utm_campaign=v2.1",
        "phone_numbers": "(08) 8211 6960",
        "all_reviews": {
          "reviews": [
            {
              "review": []
            },
            {
              "review": []
            },
            {
              "review": []
            },
            {
              "review": []
            },
            {
              "review": []
            }
          ]
        },
        "establishment": [
          "Fine Dining"
        ],
        "establishment_types": []
      }
    },
    {
      "restaurant": {
        "R": {
          "res_id": 16589511,
          "is_grocery_store": false,
          "has_menu_status": {
            "delivery": -1,
            "takeaway": -1
          }
        },
        "apikey": "c1d331ff7e4dcfb200d33fa7efb9b184",
        "id": "16589511",
        "name": "Sean's Kitchen",
        "url": "https:\/\/www.zomato.com\/seanskitchen?utm_source=api_basic_user&utm_medium=api&utm_campaign=v2.1",
        "location": {
          "address": "Adelaide Casino, Station Road, City Centre, Adelaide",
          "locality": "City Centre",
          "city": "Adelaide",
          "city_id": 297,
          "latitude": "-34.9211416667",
          "longitude": "138.5980222222",
          "zipcode": "5000",
          "country_id": 14,
          "locality_verbose": "City Centre"
        },
        "switch_to_order_menu": 0,
        "cuisines": "Modern Australian",
        "timings": "11 AM to 12 AM",
        "average_cost_for_two": 100,
        "price_range": 4,
        "currency": "$",
        "highlights": [
          "Credit Card",
          "Takeaway Available",
          "Lunch",
          "Dinner",
          "Indoor Seating",
          "Wheelchair Accessible",
          "Vegan Options",
          "Outdoor Seating",
          "Kid Friendly",
          "Wifi",
          "Gluten Free Options",
          "Vegetarian Friendly",
          "Fullbar"
        ],
        "offers": [],
        "opentable_support": 0,
        "is_zomato_book_res": 0,
        "mezzo_provider": "OTHER",
        "is_book_form_web_view": 0,
        "book_form_web_view_url": "",
        "book_again_url": "",
        "thumb": "https:\/\/b.zmtcdn.com\/data\/res_imagery\/16589511_RESTAURANT_ed32f51f6f5322f5ab178419f04585c0.jpg?fit=around%7C200%3A200&crop=200%3A200%3B%2A%2C%2A",
        "user_rating": {
          "aggregate_rating": "4.1",
          "rating_text": "Very Good",
          "rating_color": "5BA829",
          "rating_obj": {
            "title": {
              "text": "4.1"
            },
            "bg_color": {
              "type": "lime",
              "tint": "700"
            }
          },
          "votes": 399
        },
        "all_reviews_count": 208,
        "photos_url": "https:\/\/www.zomato.com\/seanskitchen\/photos?utm_source=api_basic_user&utm_medium=api&utm_campaign=v2.1#tabtop",
        "photo_count": 247,
        "menu_url": "https:\/\/www.zomato.com\/seanskitchen\/menu?utm_source=api_basic_user&utm_medium=api&utm_campaign=v2.1&openSwipeBox=menu&showMinimal=1#tabtop",
        "featured_image": "https:\/\/b.zmtcdn.com\/data\/res_imagery\/16589511_RESTAURANT_ed32f51f6f5322f5ab178419f04585c0.jpg?output-format=webp",
        "medio_provider": false,
        "has_online_delivery": 0,
        "is_delivering_now": 0,
        "store_type": "",
        "include_bogo_offers": true,
        "deeplink": "zomato:\/\/restaurant\/16589511",
        "is_table_reservation_supported": 0,
        "has_table_booking": 0,
        "events_url": "https:\/\/www.zomato.com\/seanskitchen\/events#tabtop?utm_source=api_basic_user&utm_medium=api&utm_campaign=v2.1",
        "phone_numbers": "(08) 8218 4244",
        "all_reviews": {
          "reviews": [
            {
              "review": []
            },
            {
              "review": []
            },
            {
              "review": []
            },
            {
              "review": []
            },
            {
              "review": []
            }
          ]
        },
        "establishment": [
          "Casual Dining"
        ],
        "establishment_types": []
      }
    },
    {
      "restaurant": {
        "R": {
          "res_id": 16587417,
          "is_grocery_store": false,
          "has_menu_status": {
            "delivery": -1,
            "takeaway": -1
          }
        },
        "apikey": "c1d331ff7e4dcfb200d33fa7efb9b184",
        "id": "16587417",
        "name": "Yakitori Takumi",
        "url": "https:\/\/www.zomato.com\/adelaide\/yakitori-takumi-north-adelaide?utm_source=api_basic_user&utm_medium=api&utm_campaign=v2.1",
        "location": {
          "address": "Shop 60, 55 Melbourne Street, North Adelaide",
          "locality": "Melbourne Street, North Adelaide",
          "city": "Adelaide",
          "city_id": 297,
          "latitude": "-34.9058944444",
          "longitude": "138.6096027778",
          "zipcode": "5006",
          "country_id": 14,
          "locality_verbose": "Melbourne Street, North Adelaide, Adelaide, SA"
        },
        "switch_to_order_menu": 0,
        "cuisines": "BBQ, Japanese, Tapas",
        "timings": "Closed (Mon, Sun), 6 PM to 10 PM (Tue-Sat)",
        "average_cost_for_two": 75,
        "price_range": 3,
        "currency": "$",
        "highlights": [
          "Credit Card",
          "Dinner",
          "Gluten Free Options",
          "Vegetarian Friendly",
          "BYO",
          "Outdoor Seating",
          "Vegan Options"
        ],
        "offers": [],
        "opentable_support": 0,
        "is_zomato_book_res": 0,
        "mezzo_provider": "OTHER",
        "is_book_form_web_view": 0,
        "book_form_web_view_url": "",
        "book_again_url": "",
        "thumb": "https:\/\/b.zmtcdn.com\/data\/res_imagery\/16587417_RESTAURANT_85c87c659243cb3707dc00e64b6cee95_c.jpg?fit=around%7C200%3A200&crop=200%3A200%3B%2A%2C%2A",
        "user_rating": {
          "aggregate_rating": "4.4",
          "rating_text": "Very Good",
          "rating_color": "5BA829",
          "rating_obj": {
            "title": {
              "text": "4.4"
            },
            "bg_color": {
              "type": "lime",
              "tint": "700"
            }
          },
          "votes": 336
        },
        "all_reviews_count": 103,
        "photos_url": "https:\/\/www.zomato.com\/adelaide\/yakitori-takumi-north-adelaide\/photos?utm_source=api_basic_user&utm_medium=api&utm_campaign=v2.1#tabtop",
        "photo_count": 137,
        "menu_url": "https:\/\/www.zomato.com\/adelaide\/yakitori-takumi-north-adelaide\/menu?utm_source=api_basic_user&utm_medium=api&utm_campaign=v2.1&openSwipeBox=menu&showMinimal=1#tabtop",
        "featured_image": "https:\/\/b.zmtcdn.com\/data\/res_imagery\/16587417_RESTAURANT_85c87c659243cb3707dc00e64b6cee95_c.jpg",
        "medio_provider": false,
        "has_online_delivery": 0,
        "is_delivering_now": 0,
        "store_type": "",
        "include_bogo_offers": true,
        "deeplink": "zomato:\/\/restaurant\/16587417",
        "is_table_reservation_supported": 0,
        "has_table_booking": 0,
        "events_url": "https:\/\/www.zomato.com\/adelaide\/yakitori-takumi-north-adelaide\/events#tabtop?utm_source=api_basic_user&utm_medium=api&utm_campaign=v2.1",
        "phone_numbers": "(08) 8239 2111",
        "all_reviews": {
          "reviews": [
            {
              "review": []
            },
            {
              "review": []
            },
            {
              "review": []
            },
            {
              "review": []
            },
            {
              "review": []
            }
          ]
        },
        "establishment": [
          "Casual Dining"
        ],
        "establishment_types": []
      }
    },
    {
      "restaurant": {
        "R": {
          "res_id": 16587270,
          "is_grocery_store": false,
          "has_menu_status": {
            "delivery": -1,
            "takeaway": -1
          }
        },
        "apikey": "c1d331ff7e4dcfb200d33fa7efb9b184",
        "id": "16587270",
        "name": "Ying Chow Chinese Restaurant",
        "url": "https:\/\/www.zomato.com\/adelaide\/ying-chow-chinese-restaurant-city-centre?utm_source=api_basic_user&utm_medium=api&utm_campaign=v2.1",
        "location": {
          "address": "114 Gouger Street, Adelaide",
          "locality": "Gouger Street, City Centre",
          "city": "Adelaide",
          "city_id": 297,
          "latitude": "-34.9303194388",
          "longitude": "138.5951199755",
          "zipcode": "5000",
          "country_id": 14,
          "locality_verbose": "Gouger Street, City Centre, Adelaide, SA"
        },
        "switch_to_order_menu": 0,
        "cuisines": "Chinese",
        "timings": "5 PM to 12:45 AM (Mon, Tue, Wed, Thu, Sun), 12 Noon to 2:45 PM, 5 PM to 1 AM (Fri),5 PM to 1 AM (Sat)",
        "average_cost_for_two": 50,
        "price_range": 2,
        "currency": "$",
        "highlights": [
          "Dinner",
          "Credit Card",
          "Lunch",
          "Takeaway Available",
          "Fullbar",
          "Outdoor Seating",
          "Vegetarian Friendly",
          "Indoor Seating"
        ],
        "offers": [],
        "opentable_support": 0,
        "is_zomato_book_res": 0,
        "mezzo_provider": "OTHER",
        "is_book_form_web_view": 0,
        "book_form_web_view_url": "",
        "book_again_url": "",
        "thumb": "https:\/\/b.zmtcdn.com\/data\/res_imagery\/16587270_RESTAURANT_71883c88fa02fc78c0c9276128889377.jpg?fit=around%7C200%3A200&crop=200%3A200%3B%2A%2C%2A",
        "user_rating": {
          "aggregate_rating": "4.1",
          "rating_text": "Very Good",
          "rating_color": "5BA829",
          "rating_obj": {
            "title": {
              "text": "4.1"
            },
            "bg_color": {
              "type": "lime",
              "tint": "700"
            }
          },
          "votes": 601
        },
        "all_reviews_count": 164,
        "photos_url": "https:\/\/www.zomato.com\/adelaide\/ying-chow-chinese-restaurant-city-centre\/photos?utm_source=api_basic_user&utm_medium=api&utm_campaign=v2.1#tabtop",
        "photo_count": 72,
        "menu_url": "https:\/\/www.zomato.com\/adelaide\/ying-chow-chinese-restaurant-city-centre\/menu?utm_source=api_basic_user&utm_medium=api&utm_campaign=v2.1&openSwipeBox=menu&showMinimal=1#tabtop",
        "featured_image": "https:\/\/b.zmtcdn.com\/data\/res_imagery\/16587270_RESTAURANT_71883c88fa02fc78c0c9276128889377.jpg",
        "medio_provider": false,
        "has_online_delivery": 0,
        "is_delivering_now": 0,
        "store_type": "",
        "include_bogo_offers": true,
        "deeplink": "zomato:\/\/restaurant\/16587270",
        "is_table_reservation_supported": 0,
        "has_table_booking": 0,
        "events_url": "https:\/\/www.zomato.com\/adelaide\/ying-chow-chinese-restaurant-city-centre\/events#tabtop?utm_source=api_basic_user&utm_medium=api&utm_campaign=v2.1",
        "phone_numbers": "(08) 8211 7998",
        "all_reviews": {
          "reviews": [
            {
              "review": []
            },
            {
              "review": []
            },
            {
              "review": []
            },
            {
              "review": []
            },
            {
              "review": []
            }
          ]
        },
        "establishment": [
          "Casual Dining"
        ],
        "establishment_types": []
      }
    },
    {
      "restaurant": {
        "R": {
          "res_id": 16588799,
          "is_grocery_store": false,
          "has_menu_status": {
            "delivery": -1,
            "takeaway": -1
          }
        },
        "apikey": "c1d331ff7e4dcfb200d33fa7efb9b184",
        "id": "16588799",
        "name": "Nordburger",
        "url": "https:\/\/www.zomato.com\/adelaide\/nordburger-norwood?utm_source=api_basic_user&utm_medium=api&utm_campaign=v2.1",
        "location": {
          "address": "168 The Parade, Norwood",
          "locality": "The Parade, Norwood",
          "city": "Adelaide",
          "city_id": 297,
          "latitude": "-34.9213361111",
          "longitude": "138.6353444444",
          "zipcode": "5067",
          "country_id": 14,
          "locality_verbose": "The Parade, Norwood, Adelaide, SA"
        },
        "switch_to_order_menu": 0,
        "cuisines": "American, Burger, Ice Cream",
        "timings": "8 AM to 9 PM (Mon),8 AM to 9:30 PM (Tue, Wed, Sun), 8 AM to 10 PM (Thu),8 AM to 10:30 PM (Fri-Sat)",
        "average_cost_for_two": 40,
        "price_range": 2,
        "currency": "$",
        "highlights": [
          "Credit Card",
          "Lunch",
          "Takeaway Available",
          "Dinner",
          "Kid Friendly",
          "Gluten Free Options",
          "Outdoor Seating",
          "Vegetarian Friendly"
        ],
        "offers": [],
        "opentable_support": 0,
        "is_zomato_book_res": 0,
        "mezzo_provider": "OTHER",
        "is_book_form_web_view": 0,
        "book_form_web_view_url": "",
        "book_again_url": "",
        "thumb": "https:\/\/b.zmtcdn.com\/data\/res_imagery\/16588799_RESTAURANT_b290b55c8ef7bf34c0858b019efba99b.jpg?fit=around%7C200%3A200&crop=200%3A200%3B%2A%2C%2A",
        "user_rating": {
          "aggregate_rating": "4.2",
          "rating_text": "Very Good",
          "rating_color": "5BA829",
          "rating_obj": {
            "title": {
              "text": "4.2"
            },
            "bg_color": {
              "type": "lime",
              "tint": "700"
            }
          },
          "votes": 674
        },
        "all_reviews_count": 218,
        "photos_url": "https:\/\/www.zomato.com\/adelaide\/nordburger-norwood\/photos?utm_source=api_basic_user&utm_medium=api&utm_campaign=v2.1#tabtop",
        "photo_count": 102,
        "menu_url": "https:\/\/www.zomato.com\/adelaide\/nordburger-norwood\/menu?utm_source=api_basic_user&utm_medium=api&utm_campaign=v2.1&openSwipeBox=menu&showMinimal=1#tabtop",
        "featured_image": "https:\/\/b.zmtcdn.com\/data\/res_imagery\/16588799_RESTAURANT_b290b55c8ef7bf34c0858b019efba99b.jpg",
        "medio_provider": false,
        "has_online_delivery": 0,
        "is_delivering_now": 0,
        "store_type": "",
        "include_bogo_offers": true,
        "deeplink": "zomato:\/\/restaurant\/16588799",
        "is_table_reservation_supported": 0,
        "has_table_booking": 0,
        "events_url": "https:\/\/www.zomato.com\/adelaide\/nordburger-norwood\/events#tabtop?utm_source=api_basic_user&utm_medium=api&utm_campaign=v2.1",
        "phone_numbers": "(08) 8331 9923",
        "all_reviews": {
          "reviews": [
            {
              "review": []
            },
            {
              "review": []
            },
            {
              "review": []
            },
            {
              "review": []
            },
            {
              "review": []
            }
          ]
        },
        "establishment": [
          "Casual Dining"
        ],
        "establishment_types": []
      }
    },
    {
      "restaurant": {
        "R": {
          "res_id": 16587898,
          "is_grocery_store": false,
          "has_menu_status": {
            "delivery": -1,
            "takeaway": -1
          }
        },
        "apikey": "c1d331ff7e4dcfb200d33fa7efb9b184",
        "id": "16587898",
        "name": "The Pantry On Egmont",
        "url": "https:\/\/www.zomato.com\/adelaide\/the-pantry-on-egmont-hawthorn?utm_source=api_basic_user&utm_medium=api&utm_campaign=v2.1",
        "location": {
          "address": "2, Egmont Terrace, Hawthorn, Adelaide",
          "locality": "Egmont Terrace, Hawthorn",
          "city": "Adelaide",
          "city_id": 297,
          "latitude": "-34.9689916667",
          "longitude": "138.5997166667",
          "zipcode": "5062",
          "country_id": 14,
          "locality_verbose": "Egmont Terrace, Hawthorn, Adelaide, SA"
        },
        "switch_to_order_menu": 0,
        "cuisines": "Coffee and Tea, Cafe Food",
        "timings": "7:30 AM to 4 PM (Mon-Fri),8 AM to 4 PM (Sat-Sun)",
        "average_cost_for_two": 40,
        "price_range": 2,
        "currency": "$",
        "highlights": [
          "Dinner",
          "Cash",
          "Credit Card",
          "Lunch",
          "Takeaway Available",
          "Breakfast",
          "Fullbar",
          "Indoor Seating",
          "Wifi",
          "Gluten Free Options",
          "Outdoor Seating",
          "Kid Friendly",
          "Wheelchair Accessible",
          "Vegetarian Friendly"
        ],
        "offers": [],
        "opentable_support": 0,
        "is_zomato_book_res": 0,
        "mezzo_provider": "OTHER",
        "is_book_form_web_view": 0,
        "book_form_web_view_url": "",
        "book_again_url": "",
        "thumb": "https:\/\/b.zmtcdn.com\/data\/pictures\/8\/16587898\/5af43027b05a0a2a06785a37b5558f6a.jpg?fit=around%7C200%3A200&crop=200%3A200%3B%2A%2C%2A",
        "user_rating": {
          "aggregate_rating": "4.5",
          "rating_text": "Excellent",
          "rating_color": "3F7E00",
          "rating_obj": {
            "title": {
              "text": "4.5"
            },
            "bg_color": {
              "type": "lime",
              "tint": "700"
            }
          },
          "votes": 420
        },
        "all_reviews_count": 140,
        "photos_url": "https:\/\/www.zomato.com\/adelaide\/the-pantry-on-egmont-hawthorn\/photos?utm_source=api_basic_user&utm_medium=api&utm_campaign=v2.1#tabtop",
        "photo_count": 138,
        "menu_url": "https:\/\/www.zomato.com\/adelaide\/the-pantry-on-egmont-hawthorn\/menu?utm_source=api_basic_user&utm_medium=api&utm_campaign=v2.1&openSwipeBox=menu&showMinimal=1#tabtop",
        "featured_image": "https:\/\/b.zmtcdn.com\/data\/pictures\/8\/16587898\/5af43027b05a0a2a06785a37b5558f6a.jpg",
        "medio_provider": false,
        "has_online_delivery": 0,
        "is_delivering_now": 0,
        "store_type": "",
        "include_bogo_offers": true,
        "deeplink": "zomato:\/\/restaurant\/16587898",
        "is_table_reservation_supported": 0,
        "has_table_booking": 0,
        "events_url": "https:\/\/www.zomato.com\/adelaide\/the-pantry-on-egmont-hawthorn\/events#tabtop?utm_source=api_basic_user&utm_medium=api&utm_campaign=v2.1",
        "phone_numbers": "(08) 8271 4409",
        "all_reviews": {
          "reviews": [
            {
              "review": []
            },
            {
              "review": []
            },
            {
              "review": []
            },
            {
              "review": []
            },
            {
              "review": []
            }
          ]
        },
        "establishment": [
          "Caf\u00e9"
        ],
        "establishment_types": []
      }
    },
    {
      "restaurant": {
        "R": {
          "res_id": 16587238,
          "is_grocery_store": false,
          "has_menu_status": {
            "delivery": -1,
            "takeaway": -1
          }
        },
        "apikey": "c1d331ff7e4dcfb200d33fa7efb9b184",
        "id": "16587238",
        "name": "Vietnam Restaurant",
        "url": "https:\/\/www.zomato.com\/adelaide\/vietnam-restaurant-pennington?utm_source=api_basic_user&utm_medium=api&utm_campaign=v2.1",
        "location": {
          "address": "73 Addison Road, Pennington, Adelaide",
          "locality": "Addison Road, Pennington",
          "city": "Adelaide",
          "city_id": 297,
          "latitude": "-34.8569588868",
          "longitude": "138.5290316865",
          "zipcode": "5013",
          "country_id": 14,
          "locality_verbose": "Addison Road, Pennington, Adelaide, SA"
        },
        "switch_to_order_menu": 0,
        "cuisines": "Vietnamese",
        "timings": "Closed (Mon),11 AM to 3 PM, 5 PM to 10 PM (Tue-Sun)",
        "average_cost_for_two": 70,
        "price_range": 3,
        "currency": "$",
        "highlights": [
          "Credit Card",
          "Dinner",
          "Takeaway Available",
          "Lunch",
          "Indoor Seating",
          "Wheelchair Accessible",
          "Gluten Free Options",
          "Vegetarian Friendly",
          "Outdoor Seating",
          "Kid Friendly",
          "Fullbar"
        ],
        "offers": [],
        "opentable_support": 0,
        "is_zomato_book_res": 0,
        "mezzo_provider": "OTHER",
        "is_book_form_web_view": 0,
        "book_form_web_view_url": "",
        "book_again_url": "",
        "thumb": "https:\/\/b.zmtcdn.com\/data\/res_imagery\/16587238_RESTAURANT_3097bb1a83b8699cb066f081a71cf673.jpg?fit=around%7C200%3A200&crop=200%3A200%3B%2A%2C%2A",
        "user_rating": {
          "aggregate_rating": "4.3",
          "rating_text": "Very Good",
          "rating_color": "5BA829",
          "rating_obj": {
            "title": {
              "text": "4.3"
            },
            "bg_color": {
              "type": "lime",
              "tint": "700"
            }
          },
          "votes": 506
        },
        "all_reviews_count": 155,
        "photos_url": "https:\/\/www.zomato.com\/adelaide\/vietnam-restaurant-pennington\/photos?utm_source=api_basic_user&utm_medium=api&utm_campaign=v2.1#tabtop",
        "photo_count": 125,
        "menu_url": "https:\/\/www.zomato.com\/adelaide\/vietnam-restaurant-pennington\/menu?utm_source=api_basic_user&utm_medium=api&utm_campaign=v2.1&openSwipeBox=menu&showMinimal=1#tabtop",
        "featured_image": "https:\/\/b.zmtcdn.com\/data\/res_imagery\/16587238_RESTAURANT_3097bb1a83b8699cb066f081a71cf673.jpg",
        "medio_provider": false,
        "has_online_delivery": 0,
        "is_delivering_now": 0,
        "store_type": "",
        "include_bogo_offers": true,
        "deeplink": "zomato:\/\/restaurant\/16587238",
        "is_table_reservation_supported": 0,
        "has_table_booking": 0,
        "events_url": "https:\/\/www.zomato.com\/adelaide\/vietnam-restaurant-pennington\/events#tabtop?utm_source=api_basic_user&utm_medium=api&utm_campaign=v2.1",
        "phone_numbers": "(08) 8447 3395",
        "all_reviews": {
          "reviews": [
            {
              "review": []
            },
            {
              "review": []
            },
            {
              "review": []
            },
            {
              "review": []
            },
            {
              "review": []
            }
          ]
        },
        "establishment": [
          "Casual Dining"
        ],
        "establishment_types": []
      }
    },
    {
      "restaurant": {
        "R": {
          "res_id": 16589007,
          "is_grocery_store": false,
          "has_menu_status": {
            "delivery": -1,
            "takeaway": -1
          }
        },
        "apikey": "c1d331ff7e4dcfb200d33fa7efb9b184",
        "id": "16589007",
        "name": "Gin Long Canteen",
        "url": "https:\/\/www.zomato.com\/adelaide\/gin-long-canteen-north-adelaide?utm_source=api_basic_user&utm_medium=api&utm_campaign=v2.1",
        "location": {
          "address": "42 O'Connell Street, North Adelaide",
          "locality": "O'connell Street, North Adelaide",
          "city": "Adelaide",
          "city_id": 297,
          "latitude": "-34.9078321000",
          "longitude": "138.5968021000",
          "zipcode": "5006",
          "country_id": 14,
          "locality_verbose": "O'connell Street, North Adelaide, Adelaide, SA"
        },
        "switch_to_order_menu": 0,
        "cuisines": "Malaysian, Thai, Vietnamese",
        "timings": "Closed (Mon, Sun), 12 Noon to 2:30 PM, 5:30 PM to 9:30 PM (Tue-Thu),12 Noon to 2:30 PM, 5:30 PM to 10:30 PM (Fri),5:30 PM to 10:30 PM (Sat)",
        "average_cost_for_two": 70,
        "price_range": 3,
        "currency": "$",
        "highlights": [
          "Credit Card",
          "Lunch",
          "Dinner",
          "Gluten Free Options",
          "Outdoor Seating",
          "Vegetarian Friendly"
        ],
        "offers": [],
        "opentable_support": 0,
        "is_zomato_book_res": 0,
        "mezzo_provider": "OTHER",
        "is_book_form_web_view": 0,
        "book_form_web_view_url": "",
        "book_again_url": "",
        "thumb": "https:\/\/b.zmtcdn.com\/data\/res_imagery\/16589007_RESTAURANT_d517968f4412cafaee786716a453390a_c.jpg?fit=around%7C200%3A200&crop=200%3A200%3B%2A%2C%2A",
        "user_rating": {
          "aggregate_rating": "4.5",
          "rating_text": "Excellent",
          "rating_color": "3F7E00",
          "rating_obj": {
            "title": {
              "text": "4.5"
            },
            "bg_color": {
              "type": "lime",
              "tint": "700"
            }
          },
          "votes": 616
        },
        "all_reviews_count": 211,
        "photos_url": "https:\/\/www.zomato.com\/adelaide\/gin-long-canteen-north-adelaide\/photos?utm_source=api_basic_user&utm_medium=api&utm_campaign=v2.1#tabtop",
        "photo_count": 162,
        "menu_url": "https:\/\/www.zomato.com\/adelaide\/gin-long-canteen-north-adelaide\/menu?utm_source=api_basic_user&utm_medium=api&utm_campaign=v2.1&openSwipeBox=menu&showMinimal=1#tabtop",
        "featured_image": "https:\/\/b.zmtcdn.com\/data\/res_imagery\/16589007_RESTAURANT_d517968f4412cafaee786716a453390a_c.jpg",
        "medio_provider": false,
        "has_online_delivery": 0,
        "is_delivering_now": 0,
        "store_type": "",
        "include_bogo_offers": true,
        "deeplink": "zomato:\/\/restaurant\/16589007",
        "is_table_reservation_supported": 0,
        "has_table_booking": 0,
        "events_url": "https:\/\/www.zomato.com\/adelaide\/gin-long-canteen-north-adelaide\/events#tabtop?utm_source=api_basic_user&utm_medium=api&utm_campaign=v2.1",
        "phone_numbers": "(08) 7120 2897",
        "all_reviews": {
          "reviews": [
            {
              "review": []
            },
            {
              "review": []
            },
            {
              "review": []
            },
            {
              "review": []
            },
            {
              "review": []
            }
          ]
        },
        "establishment": [
          "Casual Dining"
        ],
        "establishment_types": []
      }
    },
    {
      "restaurant": {
        "R": {
          "res_id": 16588507,
          "is_grocery_store": false,
          "has_menu_status": {
            "delivery": -1,
            "takeaway": -1
          }
        },
        "apikey": "c1d331ff7e4dcfb200d33fa7efb9b184",
        "id": "16588507",
        "name": "Corner Store Cafe",
        "url": "https:\/\/www.zomato.com\/adelaide\/corner-store-cafe-dulwich?utm_source=api_basic_user&utm_medium=api&utm_campaign=v2.1",
        "location": {
          "address": "23 Swift Avenue, Dulwich",
          "locality": "Swift Avenue, Dulwich",
          "city": "Adelaide",
          "city_id": 297,
          "latitude": "-34.9360330830",
          "longitude": "138.6271576211",
          "zipcode": "5065",
          "country_id": 14,
          "locality_verbose": "Swift Avenue, Dulwich, Adelaide, SA"
        },
        "switch_to_order_menu": 0,
        "cuisines": "Coffee and Tea, Cafe Food",
        "timings": "7:30 AM to 3:30 PM (Mon, Wed, Thu, Fri, Sat, Sun), Closed (Tue)",
        "average_cost_for_two": 30,
        "price_range": 2,
        "currency": "$",
        "highlights": [
          "Cash",
          "Debit Card",
          "Takeaway Available",
          "No Alcohol Available",
          "Credit Card",
          "Breakfast",
          "Lunch",
          "Indoor Seating",
          "Vegetarian Friendly",
          "Outdoor Seating",
          "Kid Friendly",
          "Gluten Free Options"
        ],
        "offers": [],
        "opentable_support": 0,
        "is_zomato_book_res": 0,
        "mezzo_provider": "OTHER",
        "is_book_form_web_view": 0,
        "book_form_web_view_url": "",
        "book_again_url": "",
        "thumb": "https:\/\/b.zmtcdn.com\/data\/res_imagery\/16588507_RESTAURANT_0f3e55dd7ecd6f76a5551cf7078283f0.jpg?fit=around%7C200%3A200&crop=200%3A200%3B%2A%2C%2A",
        "user_rating": {
          "aggregate_rating": "4.5",
          "rating_text": "Excellent",
          "rating_color": "3F7E00",
          "rating_obj": {
            "title": {
              "text": "4.5"
            },
            "bg_color": {
              "type": "lime",
              "tint": "700"
            }
          },
          "votes": 302
        },
        "all_reviews_count": 110,
        "photos_url": "https:\/\/www.zomato.com\/adelaide\/corner-store-cafe-dulwich\/photos?utm_source=api_basic_user&utm_medium=api&utm_campaign=v2.1#tabtop",
        "photo_count": 108,
        "menu_url": "https:\/\/www.zomato.com\/adelaide\/corner-store-cafe-dulwich\/menu?utm_source=api_basic_user&utm_medium=api&utm_campaign=v2.1&openSwipeBox=menu&showMinimal=1#tabtop",
        "featured_image": "https:\/\/b.zmtcdn.com\/data\/res_imagery\/16588507_RESTAURANT_0f3e55dd7ecd6f76a5551cf7078283f0.jpg",
        "medio_provider": false,
        "has_online_delivery": 0,
        "is_delivering_now": 0,
        "store_type": "",
        "include_bogo_offers": true,
        "deeplink": "zomato:\/\/restaurant\/16588507",
        "is_table_reservation_supported": 0,
        "has_table_booking": 0,
        "events_url": "https:\/\/www.zomato.com\/adelaide\/corner-store-cafe-dulwich\/events#tabtop?utm_source=api_basic_user&utm_medium=api&utm_campaign=v2.1",
        "phone_numbers": "(08) 8333 1237",
        "all_reviews": {
          "reviews": [
            {
              "review": []
            },
            {
              "review": []
            },
            {
              "review": []
            },
            {
              "review": []
            },
            {
              "review": []
            }
          ]
        },
        "establishment": [
          "Caf\u00e9"
        ],
        "establishment_types": []
      }
    },
    {
      "restaurant": {
        "R": {
          "res_id": 16587253,
          "is_grocery_store": false,
          "has_menu_status": {
            "delivery": -1,
            "takeaway": -1
          }
        },
        "apikey": "c1d331ff7e4dcfb200d33fa7efb9b184",
        "id": "16587253",
        "name": "Windy Point Restaurant",
        "url": "https:\/\/www.zomato.com\/adelaide\/windy-point-restaurant-belair?utm_source=api_basic_user&utm_medium=api&utm_campaign=v2.1",
        "location": {
          "address": "Windy Point Lookout, Belair Road, Belair,  Adelaide",
          "locality": "Belair",
          "city": "Adelaide",
          "city_id": 297,
          "latitude": "-34.9978520000",
          "longitude": "138.6246490000",
          "zipcode": "5052",
          "country_id": 14,
          "locality_verbose": "Belair"
        },
        "switch_to_order_menu": 0,
        "cuisines": "Modern Australian",
        "timings": "6 PM to 11:45 PM (Mon-Sat),Closed (Sun)",
        "average_cost_for_two": 160,
        "price_range": 4,
        "currency": "$",
        "highlights": [
          "Credit Card",
          "Dinner",
          "Table booking recommended",
          "BYO",
          "Kid Friendly",
          "Gluten Free Options",
          "Indoor Seating",
          "Luxury Dining",
          "Vegetarian Friendly",
          "Fullbar"
        ],
        "offers": [],
        "opentable_support": 0,
        "is_zomato_book_res": 0,
        "mezzo_provider": "OTHER",
        "is_book_form_web_view": 0,
        "book_form_web_view_url": "",
        "book_again_url": "",
        "thumb": "https:\/\/b.zmtcdn.com\/data\/res_imagery\/16587253_RESTAURANT_7b8244559f5876459ddb5f2306f8ca74_c.JPG?fit=around%7C200%3A200&crop=200%3A200%3B%2A%2C%2A",
        "user_rating": {
          "aggregate_rating": "4.5",
          "rating_text": "Excellent",
          "rating_color": "3F7E00",
          "rating_obj": {
            "title": {
              "text": "4.5"
            },
            "bg_color": {
              "type": "lime",
              "tint": "700"
            }
          },
          "votes": 461
        },
        "all_reviews_count": 128,
        "photos_url": "https:\/\/www.zomato.com\/adelaide\/windy-point-restaurant-belair\/photos?utm_source=api_basic_user&utm_medium=api&utm_campaign=v2.1#tabtop",
        "photo_count": 176,
        "menu_url": "https:\/\/www.zomato.com\/adelaide\/windy-point-restaurant-belair\/menu?utm_source=api_basic_user&utm_medium=api&utm_campaign=v2.1&openSwipeBox=menu&showMinimal=1#tabtop",
        "featured_image": "https:\/\/b.zmtcdn.com\/data\/res_imagery\/16587253_RESTAURANT_7b8244559f5876459ddb5f2306f8ca74_c.JPG",
        "medio_provider": false,
        "has_online_delivery": 0,
        "is_delivering_now": 0,
        "store_type": "",
        "include_bogo_offers": true,
        "deeplink": "zomato:\/\/restaurant\/16587253",
        "is_table_reservation_supported": 0,
        "has_table_booking": 0,
        "events_url": "https:\/\/www.zomato.com\/adelaide\/windy-point-restaurant-belair\/events#tabtop?utm_source=api_basic_user&utm_medium=api&utm_campaign=v2.1",
        "phone_numbers": "(08) 8278 8255",
        "all_reviews": {
          "reviews": [
            {
              "review": []
            },
            {
              "review": []
            },
            {
              "review": []
            },
            {
              "review": []
            },
            {
              "review": []
            }
          ]
        },
        "establishment": [
          "Fine Dining"
        ],
        "establishment_types": []
      }
    },
    {
      "restaurant": {
        "R": {
          "res_id": 16588142,
          "is_grocery_store": false,
          "has_menu_status": {
            "delivery": -1,
            "takeaway": -1
          }
        },
        "apikey": "c1d331ff7e4dcfb200d33fa7efb9b184",
        "id": "16588142",
        "name": "A Mother's Milk",
        "url": "https:\/\/www.zomato.com\/adelaide\/a-mothers-milk-parkside?utm_source=api_basic_user&utm_medium=api&utm_campaign=v2.1",
        "location": {
          "address": "105 Unley Road, Parkside",
          "locality": "Unley Road, Parkside",
          "city": "Adelaide",
          "city_id": 297,
          "latitude": "-34.9478200000",
          "longitude": "138.6077400000",
          "zipcode": "5061",
          "country_id": 14,
          "locality_verbose": "Unley Road, Parkside, Adelaide, SA"
        },
        "switch_to_order_menu": 0,
        "cuisines": "Vegetarian, Coffee and Tea, Cafe Food",
        "timings": "7:30 AM to 4 PM (Mon, Wed, Thu, Fri), Closed (Tue),8 AM to 4 PM (Sat-Sun)",
        "average_cost_for_two": 45,
        "price_range": 2,
        "currency": "$",
        "highlights": [
          "Cash",
          "Debit Card",
          "No Alcohol Available",
          "Credit Card",
          "Breakfast",
          "Lunch",
          "Indoor Seating",
          "Gluten Free Options",
          "Vegetarian Friendly",
          "Outdoor Seating",
          "Kid Friendly",
          "Vegan Options"
        ],
        "offers": [],
        "opentable_support": 0,
        "is_zomato_book_res": 0,
        "mezzo_provider": "OTHER",
        "is_book_form_web_view": 0,
        "book_form_web_view_url": "",
        "book_again_url": "",
        "thumb": "https:\/\/b.zmtcdn.com\/data\/res_imagery\/16588142_RESTAURANT_75748e9598fc901c3a207a79f97d1896.jpg?fit=around%7C200%3A200&crop=200%3A200%3B%2A%2C%2A",
        "user_rating": {
          "aggregate_rating": "4.2",
          "rating_text": "Very Good",
          "rating_color": "5BA829",
          "rating_obj": {
            "title": {
              "text": "4.2"
            },
            "bg_color": {
              "type": "lime",
              "tint": "700"
            }
          },
          "votes": 449
        },
        "all_reviews_count": 173,
        "photos_url": "https:\/\/www.zomato.com\/adelaide\/a-mothers-milk-parkside\/photos?utm_source=api_basic_user&utm_medium=api&utm_campaign=v2.1#tabtop",
        "photo_count": 104,
        "menu_url": "https:\/\/www.zomato.com\/adelaide\/a-mothers-milk-parkside\/menu?utm_source=api_basic_user&utm_medium=api&utm_campaign=v2.1&openSwipeBox=menu&showMinimal=1#tabtop",
        "featured_image": "https:\/\/b.zmtcdn.com\/data\/res_imagery\/16588142_RESTAURANT_75748e9598fc901c3a207a79f97d1896.jpg",
        "medio_provider": false,
        "has_online_delivery": 0,
        "is_delivering_now": 0,
        "store_type": "",
        "include_bogo_offers": true,
        "deeplink": "zomato:\/\/restaurant\/16588142",
        "is_table_reservation_supported": 0,
        "has_table_booking": 0,
        "events_url": "https:\/\/www.zomato.com\/adelaide\/a-mothers-milk-parkside\/events#tabtop?utm_source=api_basic_user&utm_medium=api&utm_campaign=v2.1",
        "phone_numbers": "(08) 8271 4329",
        "all_reviews": {
          "reviews": [
            {
              "review": []
            },
            {
              "review": []
            },
            {
              "review": []
            },
            {
              "review": []
            },
            {
              "review": []
            }
          ]
        },
        "establishment": [
          "Caf\u00e9"
        ],
        "establishment_types": []
      }
    },
    {
      "restaurant": {
        "R": {
          "res_id": 16589483,
          "is_grocery_store": false,
          "has_menu_status": {
            "delivery": -1,
            "takeaway": -1
          }
        },
        "apikey": "c1d331ff7e4dcfb200d33fa7efb9b184",
        "id": "16589483",
        "name": "Delicatessen Kitchen and Bar",
        "url": "https:\/\/www.zomato.com\/adelaide\/delicatessen-kitchen-and-bar-city-centre?utm_source=api_basic_user&utm_medium=api&utm_campaign=v2.1",
        "location": {
          "address": "12 Waymouth Street, Adelaide, City Centre, Adelaide",
          "locality": "Waymouth Street, City Centre",
          "city": "Adelaide",
          "city_id": 297,
          "latitude": "-34.9255870000",
          "longitude": "138.5991010000",
          "zipcode": "5000",
          "country_id": 14,
          "locality_verbose": "Waymouth Street, City Centre, Adelaide, SA"
        },
        "switch_to_order_menu": 0,
        "cuisines": "European, Bar Food, Coffee and Tea, Cafe Food",
        "timings": "7:30 AM to 4 PM (Mon), 7:30 AM to 12 Midnight (Tue-Fri), 4 PM to 12 Midnight (Sat), Sun Closed",
        "average_cost_for_two": 65,
        "price_range": 3,
        "currency": "$",
        "highlights": [
          "Cash",
          "Debit Card",
          "Takeaway Available",
          "Dinner",
          "Credit Card",
          "Breakfast",
          "Lunch",
          "Indoor Seating",
          "Vegetarian Friendly",
          "Lunch Menu",
          "Fullbar",
          "Table booking recommended",
          "Outdoor Seating",
          "Gluten Free Options",
          "Nightlife"
        ],
        "offers": [],
        "opentable_support": 0,
        "is_zomato_book_res": 0,
        "mezzo_provider": "OTHER",
        "is_book_form_web_view": 0,
        "book_form_web_view_url": "",
        "book_again_url": "",
        "thumb": "https:\/\/b.zmtcdn.com\/data\/res_imagery\/16589483_RESTAURANT_6de123cfec9b3d806dd7539b53b4a078.jpg?fit=around%7C200%3A200&crop=200%3A200%3B%2A%2C%2A",
        "user_rating": {
          "aggregate_rating": "4.3",
          "rating_text": "Very Good",
          "rating_color": "5BA829",
          "rating_obj": {
            "title": {
              "text": "4.3"
            },
            "bg_color": {
              "type": "lime",
              "tint": "700"
            }
          },
          "votes": 138
        },
        "all_reviews_count": 75,
        "photos_url": "https:\/\/www.zomato.com\/adelaide\/delicatessen-kitchen-and-bar-city-centre\/photos?utm_source=api_basic_user&utm_medium=api&utm_campaign=v2.1#tabtop",
        "photo_count": 151,
        "menu_url": "https:\/\/www.zomato.com\/adelaide\/delicatessen-kitchen-and-bar-city-centre\/menu?utm_source=api_basic_user&utm_medium=api&utm_campaign=v2.1&openSwipeBox=menu&showMinimal=1#tabtop",
        "featured_image": "https:\/\/b.zmtcdn.com\/data\/res_imagery\/16589483_RESTAURANT_6de123cfec9b3d806dd7539b53b4a078.jpg",
        "medio_provider": false,
        "has_online_delivery": 0,
        "is_delivering_now": 0,
        "store_type": "",
        "include_bogo_offers": true,
        "deeplink": "zomato:\/\/restaurant\/16589483",
        "is_table_reservation_supported": 0,
        "has_table_booking": 0,
        "events_url": "https:\/\/www.zomato.com\/adelaide\/delicatessen-kitchen-and-bar-city-centre\/events#tabtop?utm_source=api_basic_user&utm_medium=api&utm_campaign=v2.1",
        "phone_numbers": "(08) 8211 8871",
        "all_reviews": {
          "reviews": [
            {
              "review": []
            },
            {
              "review": []
            },
            {
              "review": []
            },
            {
              "review": []
            },
            {
              "review": []
            }
          ]
        },
        "establishment": [
          "Caf\u00e9"
        ],
        "establishment_types": []
      }
    },
    {
      "restaurant": {
        "R": {
          "res_id": 16587066,
          "is_grocery_store": false,
          "has_menu_status": {
            "delivery": -1,
            "takeaway": -1
          }
        },
        "apikey": "c1d331ff7e4dcfb200d33fa7efb9b184",
        "id": "16587066",
        "name": "Muratti Cakes",
        "url": "https:\/\/www.zomato.com\/adelaide\/muratti-cakes-prospect?utm_source=api_basic_user&utm_medium=api&utm_campaign=v2.1",
        "location": {
          "address": "114-114b Prospect Road, Prospect, Prospect, Adelaide",
          "locality": "Prospect Road, Prospect",
          "city": "Adelaide",
          "city_id": 297,
          "latitude": "-34.8871638889",
          "longitude": "138.5939944444",
          "zipcode": "5082",
          "country_id": 14,
          "locality_verbose": "Prospect Road, Prospect, Adelaide, SA"
        },
        "switch_to_order_menu": 0,
        "cuisines": "Bakery, Patisserie",
        "timings": "7:30 AM to 6 PM (Mon-Fri),7:30 AM to 4 PM (Sat),Closed (Sun)",
        "average_cost_for_two": 35,
        "price_range": 2,
        "currency": "$",
        "highlights": [
          "Credit Card",
          "Delivery",
          "Breakfast",
          "No Alcohol Available",
          "Takeaway Available",
          "Lunch",
          "Indoor Seating",
          "Wheelchair Accessible",
          "Gluten Free Options",
          "Outdoor Seating",
          "Wifi",
          "Vegetarian Friendly",
          "Desserts and Bakes"
        ],
        "offers": [],
        "opentable_support": 0,
        "is_zomato_book_res": 0,
        "mezzo_provider": "OTHER",
        "is_book_form_web_view": 0,
        "book_form_web_view_url": "",
        "book_again_url": "",
        "thumb": "https:\/\/b.zmtcdn.com\/data\/res_imagery\/16587066_RESTAURANT_383cdc1857c641a8a7b6afb5d6fd30da_c.jpg?fit=around%7C200%3A200&crop=200%3A200%3B%2A%2C%2A",
        "user_rating": {
          "aggregate_rating": "4.9",
          "rating_text": "Excellent",
          "rating_color": "3F7E00",
          "rating_obj": {
            "title": {
              "text": "4.9"
            },
            "bg_color": {
              "type": "lime",
              "tint": "800"
            }
          },
          "votes": 297
        },
        "all_reviews_count": 90,
        "photos_url": "https:\/\/www.zomato.com\/adelaide\/muratti-cakes-prospect\/photos?utm_source=api_basic_user&utm_medium=api&utm_campaign=v2.1#tabtop",
        "photo_count": 117,
        "menu_url": "https:\/\/www.zomato.com\/adelaide\/muratti-cakes-prospect\/menu?utm_source=api_basic_user&utm_medium=api&utm_campaign=v2.1&openSwipeBox=menu&showMinimal=1#tabtop",
        "featured_image": "https:\/\/b.zmtcdn.com\/data\/res_imagery\/16587066_RESTAURANT_383cdc1857c641a8a7b6afb5d6fd30da_c.jpg",
        "medio_provider": false,
        "has_online_delivery": 0,
        "is_delivering_now": 0,
        "store_type": "",
        "include_bogo_offers": true,
        "deeplink": "zomato:\/\/restaurant\/16587066",
        "is_table_reservation_supported": 0,
        "has_table_booking": 0,
        "events_url": "https:\/\/www.zomato.com\/adelaide\/muratti-cakes-prospect\/events#tabtop?utm_source=api_basic_user&utm_medium=api&utm_campaign=v2.1",
        "phone_numbers": "(08) 8344 9977",
        "all_reviews": {
          "reviews": [
            {
              "review": []
            },
            {
              "review": []
            },
            {
              "review": []
            },
            {
              "review": []
            },
            {
              "review": []
            }
          ]
        },
        "establishment": [
          "Bakery"
        ],
        "establishment_types": []
      }
    },
    {
      "restaurant": {
        "R": {
          "res_id": 16588258,
          "is_grocery_store": false,
          "has_menu_status": {
            "delivery": -1,
            "takeaway": -1
          }
        },
        "apikey": "c1d331ff7e4dcfb200d33fa7efb9b184",
        "id": "16588258",
        "name": "Cafe Troppo",
        "url": "https:\/\/www.zomato.com\/adelaide\/cafe-troppo-city-centre?utm_source=api_basic_user&utm_medium=api&utm_campaign=v2.1",
        "location": {
          "address": "42 Whitmore Square, Adelaide",
          "locality": "Whitmore Square, City Centre",
          "city": "Adelaide",
          "city_id": 297,
          "latitude": "-34.9331992620",
          "longitude": "138.5949013755",
          "zipcode": "5000",
          "country_id": 14,
          "locality_verbose": "Whitmore Square, City Centre, Adelaide, SA"
        },
        "switch_to_order_menu": 0,
        "cuisines": "Coffee and Tea, Cafe Food",
        "timings": "Closed (Mon),7:30 AM to 4 PM (Tue-Thu),7:30 AM to 10 PM (Fri),9 AM to 10 PM (Sat),9 AM to 4 PM (Sun)",
        "average_cost_for_two": 40,
        "price_range": 2,
        "currency": "$",
        "highlights": [
          "Credit Card",
          "Breakfast",
          "Lunch",
          "Cash",
          "Debit Card",
          "No Alcohol Available",
          "Dinner",
          "Live Music",
          "Outdoor Seating",
          "Wifi",
          "Vegan Options",
          "Indoor Seating",
          "Gluten Free Options",
          "Vegetarian Friendly"
        ],
        "offers": [],
        "opentable_support": 0,
        "is_zomato_book_res": 0,
        "mezzo_provider": "OTHER",
        "is_book_form_web_view": 0,
        "book_form_web_view_url": "",
        "book_again_url": "",
        "thumb": "https:\/\/b.zmtcdn.com\/data\/res_imagery\/16588258_RESTAURANT_3d1b6718f3eae20012e9b7bbc0f7455c_c.jpg?fit=around%7C200%3A200&crop=200%3A200%3B%2A%2C%2A",
        "user_rating": {
          "aggregate_rating": "4.2",
          "rating_text": "Very Good",
          "rating_color": "5BA829",
          "rating_obj": {
            "title": {
              "text": "4.2"
            },
            "bg_color": {
              "type": "lime",
              "tint": "700"
            }
          },
          "votes": 298
        },
        "all_reviews_count": 111,
        "photos_url": "https:\/\/www.zomato.com\/adelaide\/cafe-troppo-city-centre\/photos?utm_source=api_basic_user&utm_medium=api&utm_campaign=v2.1#tabtop",
        "photo_count": 95,
        "menu_url": "https:\/\/www.zomato.com\/adelaide\/cafe-troppo-city-centre\/menu?utm_source=api_basic_user&utm_medium=api&utm_campaign=v2.1&openSwipeBox=menu&showMinimal=1#tabtop",
        "featured_image": "https:\/\/b.zmtcdn.com\/data\/res_imagery\/16588258_RESTAURANT_3d1b6718f3eae20012e9b7bbc0f7455c_c.jpg",
        "medio_provider": false,
        "has_online_delivery": 0,
        "is_delivering_now": 0,
        "store_type": "",
        "include_bogo_offers": true,
        "deeplink": "zomato:\/\/restaurant\/16588258",
        "is_table_reservation_supported": 0,
        "has_table_booking": 0,
        "events_url": "https:\/\/www.zomato.com\/adelaide\/cafe-troppo-city-centre\/events#tabtop?utm_source=api_basic_user&utm_medium=api&utm_campaign=v2.1",
        "phone_numbers": "(08) 8211 8812",
        "all_reviews": {
          "reviews": [
            {
              "review": []
            },
            {
              "review": []
            },
            {
              "review": []
            },
            {
              "review": []
            },
            {
              "review": []
            }
          ]
        },
        "establishment": [
          "Caf\u00e9"
        ],
        "establishment_types": []
      }
    },
    {
      "restaurant": {
        "R": {
          "res_id": 16586970,
          "is_grocery_store": false,
          "has_menu_status": {
            "delivery": -1,
            "takeaway": -1
          }
        },
        "apikey": "c1d331ff7e4dcfb200d33fa7efb9b184",
        "id": "16586970",
        "name": "The Hahndorf Inn",
        "url": "https:\/\/www.zomato.com\/adelaide\/the-hahndorf-inn-hahndorf?utm_source=api_basic_user&utm_medium=api&utm_campaign=v2.1",
        "location": {
          "address": "35 Main Street, Hahndorf",
          "locality": "Main Street, Hahndorf",
          "city": "Adelaide",
          "city_id": 297,
          "latitude": "-35.0310333333",
          "longitude": "138.8111722222",
          "zipcode": "5245",
          "country_id": 14,
          "locality_verbose": "Main Street, Hahndorf, Adelaide, SA"
        },
        "switch_to_order_menu": 0,
        "cuisines": "German",
        "timings": "10:30 AM to 12 Midnight (Mon, Tue, Wed, Thu, Sun), 10:30 AM to 1 AM (Fri-Sat)",
        "average_cost_for_two": 90,
        "price_range": 3,
        "currency": "$",
        "highlights": [
          "Takeaway Available",
          "Dinner",
          "Credit Card",
          "Breakfast",
          "Lunch",
          "Live Music",
          "Outdoor Seating",
          "Kid Friendly",
          "Smoking Area",
          "Wifi",
          "Vegetarian Friendly",
          "Fullbar",
          "Table booking recommended",
          "Indoor Seating",
          "Pet Friendly",
          "Wheelchair Accessible",
          "Gluten Free Options"
        ],
        "offers": [],
        "opentable_support": 0,
        "is_zomato_book_res": 0,
        "mezzo_provider": "OTHER",
        "is_book_form_web_view": 0,
        "book_form_web_view_url": "",
        "book_again_url": "",
        "thumb": "https:\/\/b.zmtcdn.com\/data\/res_imagery\/16586970_RESTAURANT_ff078f25df198872e4b2d084022a58d3.jpg?fit=around%7C200%3A200&crop=200%3A200%3B%2A%2C%2A",
        "user_rating": {
          "aggregate_rating": "4.0",
          "rating_text": "Very Good",
          "rating_color": "5BA829",
          "rating_obj": {
            "title": {
              "text": "4.0"
            },
            "bg_color": {
              "type": "lime",
              "tint": "600"
            }
          },
          "votes": 361
        },
        "all_reviews_count": 169,
        "photos_url": "https:\/\/www.zomato.com\/adelaide\/the-hahndorf-inn-hahndorf\/photos?utm_source=api_basic_user&utm_medium=api&utm_campaign=v2.1#tabtop",
        "photo_count": 245,
        "menu_url": "https:\/\/www.zomato.com\/adelaide\/the-hahndorf-inn-hahndorf\/menu?utm_source=api_basic_user&utm_medium=api&utm_campaign=v2.1&openSwipeBox=menu&showMinimal=1#tabtop",
        "featured_image": "https:\/\/b.zmtcdn.com\/data\/res_imagery\/16586970_RESTAURANT_ff078f25df198872e4b2d084022a58d3.jpg",
        "medio_provider": false,
        "has_online_delivery": 0,
        "is_delivering_now": 0,
        "store_type": "",
        "include_bogo_offers": true,
        "deeplink": "zomato:\/\/restaurant\/16586970",
        "is_table_reservation_supported": 0,
        "has_table_booking": 0,
        "events_url": "https:\/\/www.zomato.com\/adelaide\/the-hahndorf-inn-hahndorf\/events#tabtop?utm_source=api_basic_user&utm_medium=api&utm_campaign=v2.1",
        "phone_numbers": "08 8388 7063",
        "all_reviews": {
          "reviews": [
            {
              "review": []
            },
            {
              "review": []
            },
            {
              "review": []
            },
            {
              "review": []
            },
            {
              "review": []
            }
          ]
        },
        "establishment": [
          "Pub"
        ],
        "establishment_types": []
      }
    },
    {
      "restaurant": {
        "R": {
          "res_id": 16586963,
          "is_grocery_store": false,
          "has_menu_status": {
            "delivery": -1,
            "takeaway": -1
          }
        },
        "apikey": "c1d331ff7e4dcfb200d33fa7efb9b184",
        "id": "16586963",
        "name": "The Greek on Halifax",
        "url": "https:\/\/www.zomato.com\/adelaide\/the-greek-on-halifax-city-centre?utm_source=api_basic_user&utm_medium=api&utm_campaign=v2.1",
        "location": {
          "address": "75-79 Halifax Street, Adelaide",
          "locality": "Halifax Street, City Centre",
          "city": "Adelaide",
          "city_id": 297,
          "latitude": "-34.9329300000",
          "longitude": "138.6032560000",
          "zipcode": "5000",
          "country_id": 14,
          "locality_verbose": "Halifax Street, City Centre, Adelaide, SA"
        },
        "switch_to_order_menu": 0,
        "cuisines": "Greek, Coffee and Tea, Cafe Food",
        "timings": "10:30 AM to 10 PM (Mon-Thu),10:30 AM to 11:30 PM (Fri),11:30 AM to 11:30 PM (Sat),11:30 AM to 10 PM (Sun)",
        "average_cost_for_two": 80,
        "price_range": 3,
        "currency": "$",
        "highlights": [
          "Dinner",
          "Cash",
          "Debit Card",
          "Takeaway Available",
          "Breakfast",
          "Lunch",
          "Credit Card",
          "Vegetarian Friendly",
          "Fullbar",
          "Table booking recommended",
          "Indoor Seating",
          "Wifi",
          "Gluten Free Options",
          "Outdoor Seating"
        ],
        "offers": [],
        "opentable_support": 0,
        "is_zomato_book_res": 0,
        "mezzo_provider": "OTHER",
        "is_book_form_web_view": 0,
        "book_form_web_view_url": "",
        "book_again_url": "",
        "thumb": "https:\/\/b.zmtcdn.com\/data\/res_imagery\/16586963_RESTAURANT_2d5c6d375cd091cabd45342aa3bd531e_c.jpg?fit=around%7C200%3A200&crop=200%3A200%3B%2A%2C%2A",
        "user_rating": {
          "aggregate_rating": "4.4",
          "rating_text": "Very Good",
          "rating_color": "5BA829",
          "rating_obj": {
            "title": {
              "text": "4.4"
            },
            "bg_color": {
              "type": "lime",
              "tint": "700"
            }
          },
          "votes": 403
        },
        "all_reviews_count": 118,
        "photos_url": "https:\/\/www.zomato.com\/adelaide\/the-greek-on-halifax-city-centre\/photos?utm_source=api_basic_user&utm_medium=api&utm_campaign=v2.1#tabtop",
        "photo_count": 121,
        "menu_url": "https:\/\/www.zomato.com\/adelaide\/the-greek-on-halifax-city-centre\/menu?utm_source=api_basic_user&utm_medium=api&utm_campaign=v2.1&openSwipeBox=menu&showMinimal=1#tabtop",
        "featured_image": "https:\/\/b.zmtcdn.com\/data\/res_imagery\/16586963_RESTAURANT_2d5c6d375cd091cabd45342aa3bd531e_c.jpg",
        "medio_provider": false,
        "has_online_delivery": 0,
        "is_delivering_now": 0,
        "store_type": "",
        "include_bogo_offers": true,
        "deeplink": "zomato:\/\/restaurant\/16586963",
        "is_table_reservation_supported": 0,
        "has_table_booking": 0,
        "events_url": "https:\/\/www.zomato.com\/adelaide\/the-greek-on-halifax-city-centre\/events#tabtop?utm_source=api_basic_user&utm_medium=api&utm_campaign=v2.1",
        "phone_numbers": "08 8223 3336",
        "all_reviews": {
          "reviews": [
            {
              "review": []
            },
            {
              "review": []
            },
            {
              "review": []
            },
            {
              "review": []
            },
            {
              "review": []
            }
          ]
        },
        "establishment": [
          "Caf\u00e9"
        ],
        "establishment_types": []
      }
    },
    {
      "restaurant": {
        "R": {
          "res_id": 16586941,
          "is_grocery_store": false,
          "has_menu_status": {
            "delivery": -1,
            "takeaway": -1
          }
        },
        "apikey": "c1d331ff7e4dcfb200d33fa7efb9b184",
        "id": "16586941",
        "name": "Gaucho's",
        "url": "https:\/\/www.zomato.com\/adelaide\/gauchos-city-centre?utm_source=api_basic_user&utm_medium=api&utm_campaign=v2.1",
        "location": {
          "address": "91 Gouger Street, Adelaide",
          "locality": "Moonta Street, City Centre",
          "city": "Adelaide",
          "city_id": 297,
          "latitude": "-34.9303638889",
          "longitude": "138.5959777778",
          "zipcode": "5000",
          "country_id": 14,
          "locality_verbose": "Moonta Street, City Centre, Adelaide, SA"
        },
        "switch_to_order_menu": 0,
        "cuisines": "Argentine, Steak",
        "timings": "11:30 AM to 3 PM, 5:30 PM to 10 PM (Mon-Fri),5:30 PM to 10 PM (Sat-Sun)",
        "average_cost_for_two": 160,
        "price_range": 4,
        "currency": "$",
        "highlights": [
          "Credit Card",
          "Lunch",
          "Dinner",
          "Indoor Seating",
          "Vegetarian Friendly",
          "BYO",
          "Outdoor Seating",
          "Gluten Free Options",
          "Fullbar"
        ],
        "offers": [],
        "opentable_support": 0,
        "is_zomato_book_res": 0,
        "mezzo_provider": "OTHER",
        "is_book_form_web_view": 0,
        "book_form_web_view_url": "",
        "book_again_url": "",
        "thumb": "https:\/\/b.zmtcdn.com\/data\/res_imagery\/16586941_RESTAURANT_67ed53391bde230b425ac43a58376485.jpg?fit=around%7C200%3A200&crop=200%3A200%3B%2A%2C%2A",
        "user_rating": {
          "aggregate_rating": "4.2",
          "rating_text": "Very Good",
          "rating_color": "5BA829",
          "rating_obj": {
            "title": {
              "text": "4.2"
            },
            "bg_color": {
              "type": "lime",
              "tint": "700"
            }
          },
          "votes": 504
        },
        "all_reviews_count": 171,
        "photos_url": "https:\/\/www.zomato.com\/adelaide\/gauchos-city-centre\/photos?utm_source=api_basic_user&utm_medium=api&utm_campaign=v2.1#tabtop",
        "photo_count": 122,
        "menu_url": "https:\/\/www.zomato.com\/adelaide\/gauchos-city-centre\/menu?utm_source=api_basic_user&utm_medium=api&utm_campaign=v2.1&openSwipeBox=menu&showMinimal=1#tabtop",
        "featured_image": "https:\/\/b.zmtcdn.com\/data\/res_imagery\/16586941_RESTAURANT_67ed53391bde230b425ac43a58376485.jpg",
        "medio_provider": false,
        "has_online_delivery": 0,
        "is_delivering_now": 0,
        "store_type": "",
        "include_bogo_offers": true,
        "deeplink": "zomato:\/\/restaurant\/16586941",
        "is_table_reservation_supported": 0,
        "has_table_booking": 0,
        "events_url": "https:\/\/www.zomato.com\/adelaide\/gauchos-city-centre\/events#tabtop?utm_source=api_basic_user&utm_medium=api&utm_campaign=v2.1",
        "phone_numbers": "(08) 8231 2299",
        "all_reviews": {
          "reviews": [
            {
              "review": []
            },
            {
              "review": []
            },
            {
              "review": []
            },
            {
              "review": []
            },
            {
              "review": []
            }
          ]
        },
        "establishment": [
          "Casual Dining"
        ],
        "establishment_types": []
      }
    },
    {
      "restaurant": {
        "R": {
          "res_id": 16588439,
          "is_grocery_store": false,
          "has_menu_status": {
            "delivery": -1,
            "takeaway": -1
          }
        },
        "apikey": "c1d331ff7e4dcfb200d33fa7efb9b184",
        "id": "16588439",
        "name": "Adelaide Pho",
        "url": "https:\/\/www.zomato.com\/adelaide\/adelaide-pho-city-centre?utm_source=api_basic_user&utm_medium=api&utm_campaign=v2.1",
        "location": {
          "address": "199 Waymouth Street, Adelaide",
          "locality": "City Centre",
          "city": "Adelaide",
          "city_id": 297,
          "latitude": "-34.9262283603",
          "longitude": "138.5921779275",
          "zipcode": "5000",
          "country_id": 14,
          "locality_verbose": "City Centre"
        },
        "switch_to_order_menu": 0,
        "cuisines": "Vietnamese, Asian",
        "timings": "11 AM to 3 PM, 5 PM to 9 PM (Mon-Sun)",
        "average_cost_for_two": 55,
        "price_range": 2,
        "currency": "$",
        "highlights": [
          "Credit Card",
          "Lunch",
          "Takeaway Available",
          "Dinner",
          "Wifi",
          "Gluten Free Options",
          "Vegetarian Friendly",
          "Indoor Seating",
          "Fullbar"
        ],
        "offers": [],
        "opentable_support": 0,
        "is_zomato_book_res": 0,
        "mezzo_provider": "OTHER",
        "is_book_form_web_view": 0,
        "book_form_web_view_url": "",
        "book_again_url": "",
        "thumb": "https:\/\/b.zmtcdn.com\/data\/res_imagery\/16588439_RESTAURANT_c7b8185186279e800b9a9618d73c4cf3_c.jpg?fit=around%7C200%3A200&crop=200%3A200%3B%2A%2C%2A",
        "user_rating": {
          "aggregate_rating": "4.3",
          "rating_text": "Very Good",
          "rating_color": "5BA829",
          "rating_obj": {
            "title": {
              "text": "4.3"
            },
            "bg_color": {
              "type": "lime",
              "tint": "700"
            }
          },
          "votes": 353
        },
        "all_reviews_count": 135,
        "photos_url": "https:\/\/www.zomato.com\/adelaide\/adelaide-pho-city-centre\/photos?utm_source=api_basic_user&utm_medium=api&utm_campaign=v2.1#tabtop",
        "photo_count": 70,
        "menu_url": "https:\/\/www.zomato.com\/adelaide\/adelaide-pho-city-centre\/menu?utm_source=api_basic_user&utm_medium=api&utm_campaign=v2.1&openSwipeBox=menu&showMinimal=1#tabtop",
        "featured_image": "https:\/\/b.zmtcdn.com\/data\/res_imagery\/16588439_RESTAURANT_c7b8185186279e800b9a9618d73c4cf3_c.jpg",
        "medio_provider": false,
        "has_online_delivery": 0,
        "is_delivering_now": 0,
        "store_type": "",
        "include_bogo_offers": true,
        "deeplink": "zomato:\/\/restaurant\/16588439",
        "is_table_reservation_supported": 0,
        "has_table_booking": 0,
        "events_url": "https:\/\/www.zomato.com\/adelaide\/adelaide-pho-city-centre\/events#tabtop?utm_source=api_basic_user&utm_medium=api&utm_campaign=v2.1",
        "phone_numbers": "(08) 8212 0997",
        "all_reviews": {
          "reviews": [
            {
              "review": []
            },
            {
              "review": []
            },
            {
              "review": []
            },
            {
              "review": []
            },
            {
              "review": []
            }
          ]
        },
        "establishment": [
          "Casual Dining"
        ],
        "establishment_types": []
      }
    },
    {
      "restaurant": {
        "R": {
          "res_id": 16589171,
          "is_grocery_store": false,
          "has_menu_status": {
            "delivery": -1,
            "takeaway": -1
          }
        },
        "apikey": "c1d331ff7e4dcfb200d33fa7efb9b184",
        "id": "16589171",
        "name": "Tony Tomatoes",
        "url": "https:\/\/www.zomato.com\/adelaide\/tony-tomatoes-north-adelaide?utm_source=api_basic_user&utm_medium=api&utm_campaign=v2.1",
        "location": {
          "address": "155-157 O'Connell Street, North Adelaide",
          "locality": "O'connell Street, North Adelaide",
          "city": "Adelaide",
          "city_id": 297,
          "latitude": "-34.9040111111",
          "longitude": "138.5950916667",
          "zipcode": "5006",
          "country_id": 14,
          "locality_verbose": "O'connell Street, North Adelaide, Adelaide, SA"
        },
        "switch_to_order_menu": 0,
        "cuisines": "Italian, Pizza, Bar Food",
        "timings": "5:30 PM to 11 PM (Mon-Sat),12 Noon to 2:30 PM, 5:30 PM to 11 PM (Sun)",
        "average_cost_for_two": 80,
        "price_range": 3,
        "currency": "$",
        "highlights": [
          "Cash",
          "Debit Card",
          "Takeaway Available",
          "Credit Card",
          "Delivery",
          "Dinner",
          "Indoor Seating",
          "Wifi",
          "Vegan Options",
          "Outdoor Seating",
          "Kid Friendly",
          "Gluten Free Options",
          "Vegetarian Friendly"
        ],
        "offers": [],
        "opentable_support": 0,
        "is_zomato_book_res": 0,
        "mezzo_provider": "OTHER",
        "is_book_form_web_view": 0,
        "book_form_web_view_url": "",
        "book_again_url": "",
        "thumb": "https:\/\/b.zmtcdn.com\/data\/res_imagery\/16589171_RESTAURANT_7725592d0dda75ff8249e9fb767059ad_c.jpg?fit=around%7C200%3A200&crop=200%3A200%3B%2A%2C%2A",
        "user_rating": {
          "aggregate_rating": "4.5",
          "rating_text": "Excellent",
          "rating_color": "3F7E00",
          "rating_obj": {
            "title": {
              "text": "4.5"
            },
            "bg_color": {
              "type": "lime",
              "tint": "700"
            }
          },
          "votes": 299
        },
        "all_reviews_count": 150,
        "photos_url": "https:\/\/www.zomato.com\/adelaide\/tony-tomatoes-north-adelaide\/photos?utm_source=api_basic_user&utm_medium=api&utm_campaign=v2.1#tabtop",
        "photo_count": 144,
        "menu_url": "https:\/\/www.zomato.com\/adelaide\/tony-tomatoes-north-adelaide\/menu?utm_source=api_basic_user&utm_medium=api&utm_campaign=v2.1&openSwipeBox=menu&showMinimal=1#tabtop",
        "featured_image": "https:\/\/b.zmtcdn.com\/data\/res_imagery\/16589171_RESTAURANT_7725592d0dda75ff8249e9fb767059ad_c.jpg",
        "medio_provider": false,
        "has_online_delivery": 0,
        "is_delivering_now": 0,
        "store_type": "",
        "include_bogo_offers": true,
        "deeplink": "zomato:\/\/restaurant\/16589171",
        "is_table_reservation_supported": 0,
        "has_table_booking": 0,
        "events_url": "https:\/\/www.zomato.com\/adelaide\/tony-tomatoes-north-adelaide\/events#tabtop?utm_source=api_basic_user&utm_medium=api&utm_campaign=v2.1",
        "phone_numbers": "(08) 8239 0080",
        "all_reviews": {
          "reviews": [
            {
              "review": []
            },
            {
              "review": []
            },
            {
              "review": []
            },
            {
              "review": []
            },
            {
              "review": []
            }
          ]
        },
        "establishment": [
          "Casual Dining"
        ],
        "establishment_types": []
      }
    },
    {
      "restaurant": {
        "R": {
          "res_id": 16587584,
          "is_grocery_store": false,
          "has_menu_status": {
            "delivery": -1,
            "takeaway": -1
          }
        },
        "apikey": "c1d331ff7e4dcfb200d33fa7efb9b184",
        "id": "16587584",
        "name": "Singapore House",
        "url": "https:\/\/www.zomato.com\/adelaide\/singapore-house-fullarton?utm_source=api_basic_user&utm_medium=api&utm_campaign=v2.1",
        "location": {
          "address": "203 Glen Osmond Road, Frewville",
          "locality": "Glen Osmond Road, Fullarton",
          "city": "Adelaide",
          "city_id": 297,
          "latitude": "-34.9481416667",
          "longitude": "138.6283555556",
          "zipcode": "5063",
          "country_id": 14,
          "locality_verbose": "Glen Osmond Road, Fullarton, Adelaide, SA"
        },
        "switch_to_order_menu": 0,
        "cuisines": "Asian, Indian, Singaporean",
        "timings": "Closed (Mon),12 Noon to 2:30 PM, 5:30 PM to 9:30 PM (Tue, Wed, Thu, Sun), 12 Noon to 2:30 PM, 5 PM to 9:30 PM (Fri-Sat)",
        "average_cost_for_two": 80,
        "price_range": 3,
        "currency": "$",
        "highlights": [
          "Dinner",
          "Takeaway Available",
          "Lunch",
          "Indoor Seating",
          "Vegetarian Friendly",
          "Fullbar",
          "Lunch Menu"
        ],
        "offers": [],
        "opentable_support": 0,
        "is_zomato_book_res": 0,
        "mezzo_provider": "OTHER",
        "is_book_form_web_view": 0,
        "book_form_web_view_url": "",
        "book_again_url": "",
        "thumb": "https:\/\/b.zmtcdn.com\/data\/res_imagery\/16587584_RESTAURANT_c71b2257e73afac32cb35288192147db.jpg?fit=around%7C200%3A200&crop=200%3A200%3B%2A%2C%2A",
        "user_rating": {
          "aggregate_rating": "4.3",
          "rating_text": "Very Good",
          "rating_color": "5BA829",
          "rating_obj": {
            "title": {
              "text": "4.3"
            },
            "bg_color": {
              "type": "lime",
              "tint": "700"
            }
          },
          "votes": 401
        },
        "all_reviews_count": 135,
        "photos_url": "https:\/\/www.zomato.com\/adelaide\/singapore-house-fullarton\/photos?utm_source=api_basic_user&utm_medium=api&utm_campaign=v2.1#tabtop",
        "photo_count": 84,
        "menu_url": "https:\/\/www.zomato.com\/adelaide\/singapore-house-fullarton\/menu?utm_source=api_basic_user&utm_medium=api&utm_campaign=v2.1&openSwipeBox=menu&showMinimal=1#tabtop",
        "featured_image": "https:\/\/b.zmtcdn.com\/data\/res_imagery\/16587584_RESTAURANT_c71b2257e73afac32cb35288192147db.jpg",
        "medio_provider": false,
        "has_online_delivery": 0,
        "is_delivering_now": 0,
        "store_type": "",
        "include_bogo_offers": true,
        "deeplink": "zomato:\/\/restaurant\/16587584",
        "is_table_reservation_supported": 0,
        "has_table_booking": 0,
        "events_url": "https:\/\/www.zomato.com\/adelaide\/singapore-house-fullarton\/events#tabtop?utm_source=api_basic_user&utm_medium=api&utm_campaign=v2.1",
        "phone_numbers": "(08) 8379 4405",
        "all_reviews": {
          "reviews": [
            {
              "review": []
            },
            {
              "review": []
            },
            {
              "review": []
            },
            {
              "review": []
            },
            {
              "review": []
            }
          ]
        },
        "establishment": [
          "Casual Dining"
        ],
        "establishment_types": []
      }
    }
  ]
}
]
