
[
{
  "results_found": 1049,
  "results_start": 60,
  "results_shown": 20,
  "restaurants": [
    {
      "restaurant": {
        "R": {
          "res_id": 16587436,
          "is_grocery_store": false,
          "has_menu_status": {
            "delivery": -1,
            "takeaway": -1
          }
        },
        "apikey": "c1d331ff7e4dcfb200d33fa7efb9b184",
        "id": "16587436",
        "name": "The Deli",
        "url": "https:\/\/www.zomato.com\/adelaide\/the-deli-mile-end?utm_source=api_basic_user&utm_medium=api&utm_campaign=v2.1",
        "location": {
          "address": "54a George Street, Mile End",
          "locality": "George Street, Mile End",
          "city": "Adelaide",
          "city_id": 297,
          "latitude": "-34.9187106127",
          "longitude": "138.5748347640",
          "zipcode": "5031",
          "country_id": 14,
          "locality_verbose": "George Street, Mile End, Adelaide, SA"
        },
        "switch_to_order_menu": 0,
        "cuisines": "Pizza, Coffee and Tea, Cafe Food",
        "timings": "Closed (Mon),9 AM to 2 PM, 6 PM to 10 PM (Tue-Thu),9 AM to 10 PM (Fri-Sun)",
        "average_cost_for_two": 40,
        "price_range": 2,
        "currency": "$",
        "highlights": [
          "Credit Card",
          "Dinner",
          "Cash",
          "Debit Card",
          "Lunch",
          "Live Music",
          "Outdoor Seating",
          "Gluten Free Options",
          "Fullbar",
          "Indoor Seating",
          "Vegetarian Friendly"
        ],
        "offers": [],
        "opentable_support": 0,
        "is_zomato_book_res": 0,
        "mezzo_provider": "OTHER",
        "is_book_form_web_view": 0,
        "book_form_web_view_url": "",
        "book_again_url": "",
        "thumb": "https:\/\/b.zmtcdn.com\/data\/res_imagery\/16587436_RESTAURANT_edcee5fc7ce7edae98beff4cbdd2c0c2.jpg?fit=around%7C200%3A200&crop=200%3A200%3B%2A%2C%2A",
        "user_rating": {
          "aggregate_rating": "3.8",
          "rating_text": "Good",
          "rating_color": "9ACD32",
          "rating_obj": {
            "title": {
              "text": "3.8"
            },
            "bg_color": {
              "type": "lime",
              "tint": "600"
            }
          },
          "votes": 160
        },
        "all_reviews_count": 69,
        "photos_url": "https:\/\/www.zomato.com\/adelaide\/the-deli-mile-end\/photos?utm_source=api_basic_user&utm_medium=api&utm_campaign=v2.1#tabtop",
        "photo_count": 41,
        "menu_url": "https:\/\/www.zomato.com\/adelaide\/the-deli-mile-end\/menu?utm_source=api_basic_user&utm_medium=api&utm_campaign=v2.1&openSwipeBox=menu&showMinimal=1#tabtop",
        "featured_image": "https:\/\/b.zmtcdn.com\/data\/res_imagery\/16587436_RESTAURANT_edcee5fc7ce7edae98beff4cbdd2c0c2.jpg",
        "medio_provider": false,
        "has_online_delivery": 0,
        "is_delivering_now": 0,
        "store_type": "",
        "include_bogo_offers": true,
        "deeplink": "zomato:\/\/restaurant\/16587436",
        "is_table_reservation_supported": 0,
        "has_table_booking": 0,
        "events_url": "https:\/\/www.zomato.com\/adelaide\/the-deli-mile-end\/events#tabtop?utm_source=api_basic_user&utm_medium=api&utm_campaign=v2.1",
        "phone_numbers": "(08) 8354 4878",
        "all_reviews": {
          "reviews": [
            {
              "review": []
            },
            {
              "review": []
            },
            {
              "review": []
            },
            {
              "review": []
            },
            {
              "review": []
            }
          ]
        },
        "establishment": [
          "Casual Dining"
        ],
        "establishment_types": []
      }
    },
    {
      "restaurant": {
        "R": {
          "res_id": 18184896,
          "is_grocery_store": false,
          "has_menu_status": {
            "delivery": -1,
            "takeaway": -1
          }
        },
        "apikey": "c1d331ff7e4dcfb200d33fa7efb9b184",
        "id": "18184896",
        "name": "303 By The Sea",
        "url": "https:\/\/www.zomato.com\/adelaide\/303-by-the-sea-henley-beach?utm_source=api_basic_user&utm_medium=api&utm_campaign=v2.1",
        "location": {
          "address": "303 Seaview Road, Henley Beach, Adelaide",
          "locality": "Henley Beach",
          "city": "Adelaide",
          "city_id": 297,
          "latitude": "-34.9167378012",
          "longitude": "138.4932949394",
          "zipcode": "",
          "country_id": 14,
          "locality_verbose": "Henley Beach"
        },
        "switch_to_order_menu": 0,
        "cuisines": "Healthy Food, Coffee and Tea, Cafe Food",
        "timings": "7:30 AM to 4 PM (Mon-Sun)",
        "average_cost_for_two": 30,
        "price_range": 2,
        "currency": "$",
        "highlights": [
          "Cash",
          "Takeaway Available",
          "Breakfast",
          "No Alcohol Available",
          "Credit Card",
          "Lunch",
          "Outdoor Seating",
          "Indoor Seating",
          "Gluten Free Options",
          "Vegetarian Friendly"
        ],
        "offers": [],
        "opentable_support": 0,
        "is_zomato_book_res": 0,
        "mezzo_provider": "OTHER",
        "is_book_form_web_view": 0,
        "book_form_web_view_url": "",
        "book_again_url": "",
        "thumb": "https:\/\/b.zmtcdn.com\/data\/res_imagery\/18184896_RESTAURANT_efd971a65993194f7ab4b4c348ff5923.jpg?fit=around%7C200%3A200&crop=200%3A200%3B%2A%2C%2A",
        "user_rating": {
          "aggregate_rating": "3.8",
          "rating_text": "Good",
          "rating_color": "9ACD32",
          "rating_obj": {
            "title": {
              "text": "3.8"
            },
            "bg_color": {
              "type": "lime",
              "tint": "600"
            }
          },
          "votes": 76
        },
        "all_reviews_count": 41,
        "photos_url": "https:\/\/www.zomato.com\/adelaide\/303-by-the-sea-henley-beach\/photos?utm_source=api_basic_user&utm_medium=api&utm_campaign=v2.1#tabtop",
        "photo_count": 60,
        "menu_url": "https:\/\/www.zomato.com\/adelaide\/303-by-the-sea-henley-beach\/menu?utm_source=api_basic_user&utm_medium=api&utm_campaign=v2.1&openSwipeBox=menu&showMinimal=1#tabtop",
        "featured_image": "https:\/\/b.zmtcdn.com\/data\/res_imagery\/18184896_RESTAURANT_efd971a65993194f7ab4b4c348ff5923.jpg",
        "medio_provider": false,
        "has_online_delivery": 0,
        "is_delivering_now": 0,
        "store_type": "",
        "include_bogo_offers": true,
        "deeplink": "zomato:\/\/restaurant\/18184896",
        "is_table_reservation_supported": 0,
        "has_table_booking": 0,
        "events_url": "https:\/\/www.zomato.com\/adelaide\/303-by-the-sea-henley-beach\/events#tabtop?utm_source=api_basic_user&utm_medium=api&utm_campaign=v2.1",
        "phone_numbers": "Not available for this place",
        "all_reviews": {
          "reviews": [
            {
              "review": []
            },
            {
              "review": []
            },
            {
              "review": []
            },
            {
              "review": []
            },
            {
              "review": []
            }
          ]
        },
        "establishment": [
          "Caf\u00e9"
        ],
        "establishment_types": []
      }
    },
    {
      "restaurant": {
        "R": {
          "res_id": 16587121,
          "is_grocery_store": false,
          "has_menu_status": {
            "delivery": -1,
            "takeaway": -1
          }
        },
        "apikey": "c1d331ff7e4dcfb200d33fa7efb9b184",
        "id": "16587121",
        "name": "Queen Street Cafe",
        "url": "https:\/\/www.zomato.com\/adelaide\/queen-street-cafe-croydon?utm_source=api_basic_user&utm_medium=api&utm_campaign=v2.1",
        "location": {
          "address": "12 Elizabeth Street, Croydon",
          "locality": "Elizabeth Street, Croydon",
          "city": "Adelaide",
          "city_id": 297,
          "latitude": "-34.8969057000",
          "longitude": "138.5652629000",
          "zipcode": "5008",
          "country_id": 14,
          "locality_verbose": "Elizabeth Street, Croydon, Adelaide, SA"
        },
        "switch_to_order_menu": 0,
        "cuisines": "Coffee and Tea, Cafe Food",
        "timings": "8 AM to 4 PM (Mon-Sun)",
        "average_cost_for_two": 35,
        "price_range": 2,
        "currency": "$",
        "highlights": [
          "Cash",
          "Debit Card",
          "No Alcohol Available",
          "Credit Card",
          "Takeaway Available",
          "Breakfast",
          "Lunch",
          "Indoor Seating",
          "Gluten Free Options",
          "Vegetarian Friendly",
          "Outdoor Seating",
          "Vegan Options"
        ],
        "offers": [],
        "opentable_support": 0,
        "is_zomato_book_res": 0,
        "mezzo_provider": "OTHER",
        "is_book_form_web_view": 0,
        "book_form_web_view_url": "",
        "book_again_url": "",
        "thumb": "https:\/\/b.zmtcdn.com\/data\/res_imagery\/16587121_RESTAURANT_805170e930c568ec870c16c9c0fd41f2.jpg?fit=around%7C200%3A200&crop=200%3A200%3B%2A%2C%2A",
        "user_rating": {
          "aggregate_rating": "4.1",
          "rating_text": "Very Good",
          "rating_color": "5BA829",
          "rating_obj": {
            "title": {
              "text": "4.1"
            },
            "bg_color": {
              "type": "lime",
              "tint": "700"
            }
          },
          "votes": 311
        },
        "all_reviews_count": 131,
        "photos_url": "https:\/\/www.zomato.com\/adelaide\/queen-street-cafe-croydon\/photos?utm_source=api_basic_user&utm_medium=api&utm_campaign=v2.1#tabtop",
        "photo_count": 79,
        "menu_url": "https:\/\/www.zomato.com\/adelaide\/queen-street-cafe-croydon\/menu?utm_source=api_basic_user&utm_medium=api&utm_campaign=v2.1&openSwipeBox=menu&showMinimal=1#tabtop",
        "featured_image": "https:\/\/b.zmtcdn.com\/data\/res_imagery\/16587121_RESTAURANT_805170e930c568ec870c16c9c0fd41f2.jpg",
        "medio_provider": false,
        "has_online_delivery": 0,
        "is_delivering_now": 0,
        "store_type": "",
        "include_bogo_offers": true,
        "deeplink": "zomato:\/\/restaurant\/16587121",
        "is_table_reservation_supported": 0,
        "has_table_booking": 0,
        "events_url": "https:\/\/www.zomato.com\/adelaide\/queen-street-cafe-croydon\/events#tabtop?utm_source=api_basic_user&utm_medium=api&utm_campaign=v2.1",
        "phone_numbers": "0424 099 592",
        "all_reviews": {
          "reviews": [
            {
              "review": []
            },
            {
              "review": []
            },
            {
              "review": []
            },
            {
              "review": []
            },
            {
              "review": []
            }
          ]
        },
        "establishment": [
          "Caf\u00e9"
        ],
        "establishment_types": []
      }
    },
    {
      "restaurant": {
        "R": {
          "res_id": 16588968,
          "is_grocery_store": false,
          "has_menu_status": {
            "delivery": -1,
            "takeaway": -1
          }
        },
        "apikey": "c1d331ff7e4dcfb200d33fa7efb9b184",
        "id": "16588968",
        "name": "Loveon Cafe",
        "url": "https:\/\/www.zomato.com\/adelaide\/loveon-cafe-mile-end?utm_source=api_basic_user&utm_medium=api&utm_campaign=v2.1",
        "location": {
          "address": "39 Gladstone Road, Mile End",
          "locality": "Mile End",
          "city": "Adelaide",
          "city_id": 297,
          "latitude": "-34.9256694444",
          "longitude": "138.5745250000",
          "zipcode": "5031",
          "country_id": 14,
          "locality_verbose": "Mile End"
        },
        "switch_to_order_menu": 0,
        "cuisines": "Middle Eastern, Coffee and Tea, Cafe Food",
        "timings": "7 AM to 4 PM (Mon, Wed, Thu, Fri, Sat, Sun), Closed (Tue)",
        "average_cost_for_two": 30,
        "price_range": 2,
        "currency": "$",
        "highlights": [
          "Cash",
          "Debit Card",
          "Takeaway Available",
          "Lunch",
          "Credit Card",
          "Breakfast",
          "No Alcohol Available",
          "Kid Friendly",
          "Vegetarian Friendly",
          "Outdoor Seating",
          "Gluten Free Options"
        ],
        "offers": [],
        "opentable_support": 0,
        "is_zomato_book_res": 0,
        "mezzo_provider": "OTHER",
        "is_book_form_web_view": 0,
        "book_form_web_view_url": "",
        "book_again_url": "",
        "thumb": "https:\/\/b.zmtcdn.com\/data\/res_imagery\/16588968_RESTAURANT_9f0a059862e816feef7ceee815ea1159.jpg?fit=around%7C200%3A200&crop=200%3A200%3B%2A%2C%2A",
        "user_rating": {
          "aggregate_rating": "4.1",
          "rating_text": "Very Good",
          "rating_color": "5BA829",
          "rating_obj": {
            "title": {
              "text": "4.1"
            },
            "bg_color": {
              "type": "lime",
              "tint": "700"
            }
          },
          "votes": 107
        },
        "all_reviews_count": 53,
        "photos_url": "https:\/\/www.zomato.com\/adelaide\/loveon-cafe-mile-end\/photos?utm_source=api_basic_user&utm_medium=api&utm_campaign=v2.1#tabtop",
        "photo_count": 62,
        "menu_url": "https:\/\/www.zomato.com\/adelaide\/loveon-cafe-mile-end\/menu?utm_source=api_basic_user&utm_medium=api&utm_campaign=v2.1&openSwipeBox=menu&showMinimal=1#tabtop",
        "featured_image": "https:\/\/b.zmtcdn.com\/data\/res_imagery\/16588968_RESTAURANT_9f0a059862e816feef7ceee815ea1159.jpg",
        "medio_provider": false,
        "has_online_delivery": 0,
        "is_delivering_now": 0,
        "store_type": "",
        "include_bogo_offers": true,
        "deeplink": "zomato:\/\/restaurant\/16588968",
        "is_table_reservation_supported": 0,
        "has_table_booking": 0,
        "events_url": "https:\/\/www.zomato.com\/adelaide\/loveon-cafe-mile-end\/events#tabtop?utm_source=api_basic_user&utm_medium=api&utm_campaign=v2.1",
        "phone_numbers": "(08) 8234 5935",
        "all_reviews": {
          "reviews": [
            {
              "review": []
            },
            {
              "review": []
            },
            {
              "review": []
            },
            {
              "review": []
            },
            {
              "review": []
            }
          ]
        },
        "establishment": [
          "Caf\u00e9"
        ],
        "establishment_types": []
      }
    },
    {
      "restaurant": {
        "R": {
          "res_id": 16588764,
          "is_grocery_store": false,
          "has_menu_status": {
            "delivery": -1,
            "takeaway": -1
          }
        },
        "apikey": "c1d331ff7e4dcfb200d33fa7efb9b184",
        "id": "16588764",
        "name": "Jenny's Gourmet Bakery",
        "url": "https:\/\/www.zomato.com\/adelaide\/jennys-gourmet-bakery-eastwood?utm_source=api_basic_user&utm_medium=api&utm_campaign=v2.1",
        "location": {
          "address": "81 Glen Osmond Road, Eastwood",
          "locality": "Glen Osmond Road, Eastwood",
          "city": "Adelaide",
          "city_id": 297,
          "latitude": "-34.9440083333",
          "longitude": "138.6214611111",
          "zipcode": "5063",
          "country_id": 14,
          "locality_verbose": "Glen Osmond Road, Eastwood, Adelaide, SA"
        },
        "switch_to_order_menu": 0,
        "cuisines": "Bakery, Coffee and Tea, Cafe Food",
        "timings": "8 AM to 5 PM (Mon-Fri),8 AM to 3:30 PM (Sat),Closed (Sun)",
        "average_cost_for_two": 30,
        "price_range": 2,
        "currency": "$",
        "highlights": [
          "Cash",
          "Debit Card",
          "Breakfast",
          "No Alcohol Available",
          "Credit Card",
          "Takeaway Available",
          "Lunch",
          "Indoor Seating",
          "Gluten Free Options",
          "Outdoor Seating",
          "Vegetarian Friendly",
          "Desserts and Bakes"
        ],
        "offers": [],
        "opentable_support": 0,
        "is_zomato_book_res": 0,
        "mezzo_provider": "OTHER",
        "is_book_form_web_view": 0,
        "book_form_web_view_url": "",
        "book_again_url": "",
        "thumb": "https:\/\/b.zmtcdn.com\/data\/res_imagery\/16588764_RESTAURANT_b210a4abfbb13931c7e17dba2c6b2e00.jpg?fit=around%7C200%3A200&crop=200%3A200%3B%2A%2C%2A",
        "user_rating": {
          "aggregate_rating": "4.1",
          "rating_text": "Very Good",
          "rating_color": "5BA829",
          "rating_obj": {
            "title": {
              "text": "4.1"
            },
            "bg_color": {
              "type": "lime",
              "tint": "700"
            }
          },
          "votes": 135
        },
        "all_reviews_count": 40,
        "photos_url": "https:\/\/www.zomato.com\/adelaide\/jennys-gourmet-bakery-eastwood\/photos?utm_source=api_basic_user&utm_medium=api&utm_campaign=v2.1#tabtop",
        "photo_count": 33,
        "menu_url": "https:\/\/www.zomato.com\/adelaide\/jennys-gourmet-bakery-eastwood\/menu?utm_source=api_basic_user&utm_medium=api&utm_campaign=v2.1&openSwipeBox=menu&showMinimal=1#tabtop",
        "featured_image": "https:\/\/b.zmtcdn.com\/data\/res_imagery\/16588764_RESTAURANT_b210a4abfbb13931c7e17dba2c6b2e00.jpg",
        "medio_provider": false,
        "has_online_delivery": 0,
        "is_delivering_now": 0,
        "store_type": "",
        "include_bogo_offers": true,
        "deeplink": "zomato:\/\/restaurant\/16588764",
        "is_table_reservation_supported": 0,
        "has_table_booking": 0,
        "events_url": "https:\/\/www.zomato.com\/adelaide\/jennys-gourmet-bakery-eastwood\/events#tabtop?utm_source=api_basic_user&utm_medium=api&utm_campaign=v2.1",
        "phone_numbers": "(08) 8272 9699",
        "all_reviews": {
          "reviews": [
            {
              "review": []
            },
            {
              "review": []
            },
            {
              "review": []
            },
            {
              "review": []
            },
            {
              "review": []
            }
          ]
        },
        "establishment": [
          "Bakery"
        ],
        "establishment_types": []
      }
    },
    {
      "restaurant": {
        "R": {
          "res_id": 17841260,
          "is_grocery_store": false,
          "has_menu_status": {
            "delivery": -1,
            "takeaway": -1
          }
        },
        "apikey": "c1d331ff7e4dcfb200d33fa7efb9b184",
        "id": "17841260",
        "name": "Trouble and Strife",
        "url": "https:\/\/www.zomato.com\/adelaide\/trouble-and-strife-goodwood?utm_source=api_basic_user&utm_medium=api&utm_campaign=v2.1",
        "location": {
          "address": "123 Goodwood Road, Goodwood, Goodwood, Adelaide",
          "locality": "Goodwood Road, Goodwood",
          "city": "Adelaide",
          "city_id": 297,
          "latitude": "-34.9519166667",
          "longitude": "138.5897527778",
          "zipcode": "5034",
          "country_id": 14,
          "locality_verbose": "Goodwood Road, Goodwood, Adelaide, SA"
        },
        "switch_to_order_menu": 0,
        "cuisines": "Coffee and Tea, Cafe Food",
        "timings": "7:30 AM to 3 PM (Mon, Tue, Wed, Thu, Sat, Sun), 7:30 AM to 3 PM, 5 PM to 10 PM (Fri)",
        "average_cost_for_two": 40,
        "price_range": 2,
        "currency": "$",
        "highlights": [
          "Cash",
          "Debit Card",
          "No Alcohol Available",
          "Credit Card",
          "Takeaway Available",
          "Breakfast",
          "Lunch",
          "Indoor Seating",
          "Pet Friendly",
          "Gluten Free Options",
          "Vegetarian Friendly",
          "Outdoor Seating",
          "Kid Friendly",
          "Vegan Options"
        ],
        "offers": [],
        "opentable_support": 0,
        "is_zomato_book_res": 0,
        "mezzo_provider": "OTHER",
        "is_book_form_web_view": 0,
        "book_form_web_view_url": "",
        "book_again_url": "",
        "thumb": "https:\/\/b.zmtcdn.com\/data\/res_imagery\/17841260_RESTAURANT_3567f53c53108dac474e2cbe9300cd8f.jpg?fit=around%7C200%3A200&crop=200%3A200%3B%2A%2C%2A",
        "user_rating": {
          "aggregate_rating": "3.9",
          "rating_text": "Good",
          "rating_color": "9ACD32",
          "rating_obj": {
            "title": {
              "text": "3.9"
            },
            "bg_color": {
              "type": "lime",
              "tint": "600"
            }
          },
          "votes": 71
        },
        "all_reviews_count": 37,
        "photos_url": "https:\/\/www.zomato.com\/adelaide\/trouble-and-strife-goodwood\/photos?utm_source=api_basic_user&utm_medium=api&utm_campaign=v2.1#tabtop",
        "photo_count": 87,
        "menu_url": "https:\/\/www.zomato.com\/adelaide\/trouble-and-strife-goodwood\/menu?utm_source=api_basic_user&utm_medium=api&utm_campaign=v2.1&openSwipeBox=menu&showMinimal=1#tabtop",
        "featured_image": "https:\/\/b.zmtcdn.com\/data\/res_imagery\/17841260_RESTAURANT_3567f53c53108dac474e2cbe9300cd8f.jpg",
        "medio_provider": false,
        "has_online_delivery": 0,
        "is_delivering_now": 0,
        "store_type": "",
        "include_bogo_offers": true,
        "deeplink": "zomato:\/\/restaurant\/17841260",
        "is_table_reservation_supported": 0,
        "has_table_booking": 0,
        "events_url": "https:\/\/www.zomato.com\/adelaide\/trouble-and-strife-goodwood\/events#tabtop?utm_source=api_basic_user&utm_medium=api&utm_campaign=v2.1",
        "phone_numbers": "(08) 8271 3991",
        "all_reviews": {
          "reviews": [
            {
              "review": []
            },
            {
              "review": []
            },
            {
              "review": []
            },
            {
              "review": []
            },
            {
              "review": []
            }
          ]
        },
        "establishment": [
          "Caf\u00e9"
        ],
        "establishment_types": []
      }
    },
    {
      "restaurant": {
        "R": {
          "res_id": 18128736,
          "is_grocery_store": false,
          "has_menu_status": {
            "delivery": -1,
            "takeaway": -1
          }
        },
        "apikey": "c1d331ff7e4dcfb200d33fa7efb9b184",
        "id": "18128736",
        "name": "The Strand Cafe Restaurant",
        "url": "https:\/\/www.zomato.com\/adelaide\/the-strand-cafe-restaurant-1-glenelg?utm_source=api_basic_user&utm_medium=api&utm_campaign=v2.1",
        "location": {
          "address": "108 Jetty Road, Glenelg, Adelaide",
          "locality": "Jetty Road, Glenelg",
          "city": "Adelaide",
          "city_id": 297,
          "latitude": "-34.9803128000",
          "longitude": "138.5140118000",
          "zipcode": "5045",
          "country_id": 14,
          "locality_verbose": "Jetty Road, Glenelg, Adelaide, SA"
        },
        "switch_to_order_menu": 0,
        "cuisines": "Mediterranean, Pizza, Coffee and Tea",
        "timings": "8:30 AM to 10 PM (Mon-Sun)",
        "average_cost_for_two": 70,
        "price_range": 3,
        "currency": "$",
        "highlights": [
          "Cash",
          "Takeaway Available",
          "Dinner",
          "Credit Card",
          "Breakfast",
          "Lunch",
          "Outdoor Seating",
          "Kid Friendly",
          "Wheelchair Accessible",
          "Vegetarian Friendly",
          "Fullbar",
          "Indoor Seating",
          "Pet Friendly",
          "Wifi",
          "Gluten Free Options"
        ],
        "offers": [],
        "opentable_support": 0,
        "is_zomato_book_res": 0,
        "mezzo_provider": "OTHER",
        "is_book_form_web_view": 0,
        "book_form_web_view_url": "",
        "book_again_url": "",
        "thumb": "https:\/\/b.zmtcdn.com\/data\/res_imagery\/18128736_RESTAURANT_af9e4a5436c3a18af9bb045ad164e898.jpg?fit=around%7C200%3A200&crop=200%3A200%3B%2A%2C%2A",
        "user_rating": {
          "aggregate_rating": "4.1",
          "rating_text": "Very Good",
          "rating_color": "5BA829",
          "rating_obj": {
            "title": {
              "text": "4.1"
            },
            "bg_color": {
              "type": "lime",
              "tint": "700"
            }
          },
          "votes": 201
        },
        "all_reviews_count": 80,
        "photos_url": "https:\/\/www.zomato.com\/adelaide\/the-strand-cafe-restaurant-1-glenelg\/photos?utm_source=api_basic_user&utm_medium=api&utm_campaign=v2.1#tabtop",
        "photo_count": 32,
        "menu_url": "https:\/\/www.zomato.com\/adelaide\/the-strand-cafe-restaurant-1-glenelg\/menu?utm_source=api_basic_user&utm_medium=api&utm_campaign=v2.1&openSwipeBox=menu&showMinimal=1#tabtop",
        "featured_image": "https:\/\/b.zmtcdn.com\/data\/res_imagery\/18128736_RESTAURANT_af9e4a5436c3a18af9bb045ad164e898.jpg",
        "medio_provider": false,
        "has_online_delivery": 0,
        "is_delivering_now": 0,
        "store_type": "",
        "include_bogo_offers": true,
        "deeplink": "zomato:\/\/restaurant\/18128736",
        "is_table_reservation_supported": 0,
        "has_table_booking": 0,
        "events_url": "https:\/\/www.zomato.com\/adelaide\/the-strand-cafe-restaurant-1-glenelg\/events#tabtop?utm_source=api_basic_user&utm_medium=api&utm_campaign=v2.1",
        "phone_numbers": "(08) 8376 9222",
        "all_reviews": {
          "reviews": [
            {
              "review": []
            },
            {
              "review": []
            },
            {
              "review": []
            },
            {
              "review": []
            },
            {
              "review": []
            }
          ]
        },
        "establishment": [
          "Casual Dining"
        ],
        "establishment_types": []
      }
    },
    {
      "restaurant": {
        "R": {
          "res_id": 17841277,
          "is_grocery_store": false,
          "has_menu_status": {
            "delivery": -1,
            "takeaway": -1
          }
        },
        "apikey": "c1d331ff7e4dcfb200d33fa7efb9b184",
        "id": "17841277",
        "name": "Handsome and the Duchess",
        "url": "https:\/\/www.zomato.com\/adelaide\/handsome-and-the-duchess-city-centre?utm_source=api_basic_user&utm_medium=api&utm_campaign=v2.1",
        "location": {
          "address": "16 McHenry Street, Adelaide, City Centre, Adelaide",
          "locality": "Mchenry Street, City Centre",
          "city": "Adelaide",
          "city_id": 297,
          "latitude": "-34.9250185627",
          "longitude": "138.6013544351",
          "zipcode": "5000",
          "country_id": 14,
          "locality_verbose": "Mchenry Street, City Centre, Adelaide, SA"
        },
        "switch_to_order_menu": 0,
        "cuisines": "Coffee and Tea, Cafe Food",
        "timings": "6:30 AM to 4 PM (Mon-Sat),Closed (Sun)",
        "average_cost_for_two": 30,
        "price_range": 2,
        "currency": "$",
        "highlights": [
          "Cash",
          "Debit Card",
          "Takeaway Available",
          "No Alcohol Available",
          "Lunch",
          "Credit Card",
          "Breakfast",
          "Vegetarian Friendly",
          "Indoor Seating",
          "Gluten Free Options"
        ],
        "offers": [],
        "opentable_support": 0,
        "is_zomato_book_res": 0,
        "mezzo_provider": "OTHER",
        "is_book_form_web_view": 0,
        "book_form_web_view_url": "",
        "book_again_url": "",
        "thumb": "https:\/\/b.zmtcdn.com\/data\/res_imagery\/17841277_RESTAURANT_ad8e01e9a4fbc81ddcb9d6a88aa4ad3f.jpg?fit=around%7C200%3A200&crop=200%3A200%3B%2A%2C%2A",
        "user_rating": {
          "aggregate_rating": "3.9",
          "rating_text": "Good",
          "rating_color": "9ACD32",
          "rating_obj": {
            "title": {
              "text": "3.9"
            },
            "bg_color": {
              "type": "lime",
              "tint": "600"
            }
          },
          "votes": 64
        },
        "all_reviews_count": 37,
        "photos_url": "https:\/\/www.zomato.com\/adelaide\/handsome-and-the-duchess-city-centre\/photos?utm_source=api_basic_user&utm_medium=api&utm_campaign=v2.1#tabtop",
        "photo_count": 52,
        "menu_url": "https:\/\/www.zomato.com\/adelaide\/handsome-and-the-duchess-city-centre\/menu?utm_source=api_basic_user&utm_medium=api&utm_campaign=v2.1&openSwipeBox=menu&showMinimal=1#tabtop",
        "featured_image": "https:\/\/b.zmtcdn.com\/data\/res_imagery\/17841277_RESTAURANT_ad8e01e9a4fbc81ddcb9d6a88aa4ad3f.jpg",
        "medio_provider": false,
        "has_online_delivery": 0,
        "is_delivering_now": 0,
        "store_type": "",
        "include_bogo_offers": true,
        "deeplink": "zomato:\/\/restaurant\/17841277",
        "is_table_reservation_supported": 0,
        "has_table_booking": 0,
        "events_url": "https:\/\/www.zomato.com\/adelaide\/handsome-and-the-duchess-city-centre\/events#tabtop?utm_source=api_basic_user&utm_medium=api&utm_campaign=v2.1",
        "phone_numbers": "0425 729 534",
        "all_reviews": {
          "reviews": [
            {
              "review": []
            },
            {
              "review": []
            },
            {
              "review": []
            },
            {
              "review": []
            },
            {
              "review": []
            }
          ]
        },
        "establishment": [
          "Caf\u00e9"
        ],
        "establishment_types": []
      }
    },
    {
      "restaurant": {
        "R": {
          "res_id": 17841318,
          "is_grocery_store": false,
          "has_menu_status": {
            "delivery": -1,
            "takeaway": -1
          }
        },
        "apikey": "c1d331ff7e4dcfb200d33fa7efb9b184",
        "id": "17841318",
        "name": "La Madeleine",
        "url": "https:\/\/www.zomato.com\/adelaide\/la-madeleine-norwood?utm_source=api_basic_user&utm_medium=api&utm_campaign=v2.1",
        "location": {
          "address": "246 The Parade, Norwood, Norwood, Adelaide",
          "locality": "The Parade, Norwood",
          "city": "Adelaide",
          "city_id": 297,
          "latitude": "-34.9210972222",
          "longitude": "138.6398472222",
          "zipcode": "5067",
          "country_id": 14,
          "locality_verbose": "The Parade, Norwood, Adelaide, SA"
        },
        "switch_to_order_menu": 0,
        "cuisines": "Desserts, French, Patisserie, Coffee and Tea, Cafe Food",
        "timings": "6 AM to 6 PM (Mon, Tue, Wed, Sun), 6 AM to 10 PM (Thu-Sat)",
        "average_cost_for_two": 40,
        "price_range": 2,
        "currency": "$",
        "highlights": [
          "Breakfast",
          "No Alcohol Available",
          "Cash",
          "Debit Card",
          "Lunch",
          "Credit Card",
          "Takeaway Available",
          "Gluten Free Options",
          "Indoor Seating",
          "Vegetarian Friendly",
          "Desserts and Bakes",
          "Outdoor Seating"
        ],
        "offers": [],
        "opentable_support": 0,
        "is_zomato_book_res": 0,
        "mezzo_provider": "OTHER",
        "is_book_form_web_view": 0,
        "book_form_web_view_url": "",
        "book_again_url": "",
        "thumb": "https:\/\/b.zmtcdn.com\/data\/res_imagery\/17841318_RESTAURANT_9ef13b04637075fac5806272ef0ce37a.jpg?fit=around%7C200%3A200&crop=200%3A200%3B%2A%2C%2A",
        "user_rating": {
          "aggregate_rating": "3.7",
          "rating_text": "Good",
          "rating_color": "9ACD32",
          "rating_obj": {
            "title": {
              "text": "3.7"
            },
            "bg_color": {
              "type": "lime",
              "tint": "600"
            }
          },
          "votes": 74
        },
        "all_reviews_count": 39,
        "photos_url": "https:\/\/www.zomato.com\/adelaide\/la-madeleine-norwood\/photos?utm_source=api_basic_user&utm_medium=api&utm_campaign=v2.1#tabtop",
        "photo_count": 85,
        "menu_url": "https:\/\/www.zomato.com\/adelaide\/la-madeleine-norwood\/menu?utm_source=api_basic_user&utm_medium=api&utm_campaign=v2.1&openSwipeBox=menu&showMinimal=1#tabtop",
        "featured_image": "https:\/\/b.zmtcdn.com\/data\/res_imagery\/17841318_RESTAURANT_9ef13b04637075fac5806272ef0ce37a.jpg",
        "medio_provider": false,
        "has_online_delivery": 0,
        "is_delivering_now": 0,
        "store_type": "",
        "include_bogo_offers": true,
        "deeplink": "zomato:\/\/restaurant\/17841318",
        "is_table_reservation_supported": 0,
        "has_table_booking": 0,
        "events_url": "https:\/\/www.zomato.com\/adelaide\/la-madeleine-norwood\/events#tabtop?utm_source=api_basic_user&utm_medium=api&utm_campaign=v2.1",
        "phone_numbers": "0430 300 638",
        "all_reviews": {
          "reviews": [
            {
              "review": []
            },
            {
              "review": []
            },
            {
              "review": []
            },
            {
              "review": []
            },
            {
              "review": []
            }
          ]
        },
        "establishment": [
          "Caf\u00e9"
        ],
        "establishment_types": []
      }
    },
    {
      "restaurant": {
        "R": {
          "res_id": 16587606,
          "is_grocery_store": false,
          "has_menu_status": {
            "delivery": -1,
            "takeaway": -1
          }
        },
        "apikey": "c1d331ff7e4dcfb200d33fa7efb9b184",
        "id": "16587606",
        "name": "Boatshed Cafe",
        "url": "https:\/\/www.zomato.com\/adelaide\/boatshed-cafe-hallett-cove?utm_source=api_basic_user&utm_medium=api&utm_campaign=v2.1",
        "location": {
          "address": "1 Heron Way, Hallett Cove, Hallett Cove, Hallett Cove, Adelaide",
          "locality": "Hallett Cove",
          "city": "Adelaide",
          "city_id": 297,
          "latitude": "-35.0786934583",
          "longitude": "138.4966054559",
          "zipcode": "5158",
          "country_id": 14,
          "locality_verbose": "Hallett Cove"
        },
        "switch_to_order_menu": 0,
        "cuisines": "Australian, Coffee and Tea, Cafe Food",
        "timings": "8:30 AM to 4:40 PM (Mon-Thu),8:30 AM to 12 Midnight (Fri-Sat),8:30 AM to 5 PM (Sun)",
        "average_cost_for_two": 60,
        "price_range": 3,
        "currency": "$",
        "highlights": [
          "Lunch",
          "Cash",
          "Debit Card",
          "Credit Card",
          "Takeaway Available",
          "Indoor Seating",
          "Wheelchair Accessible",
          "Gluten Free Options",
          "Vegetarian Friendly",
          "Waterfront",
          "Fullbar",
          "Outdoor Seating",
          "Kid Friendly",
          "Smoking Area",
          "Vegan Options"
        ],
        "offers": [],
        "opentable_support": 0,
        "is_zomato_book_res": 0,
        "mezzo_provider": "OTHER",
        "is_book_form_web_view": 0,
        "book_form_web_view_url": "",
        "book_again_url": "",
        "thumb": "https:\/\/b.zmtcdn.com\/data\/res_imagery\/16587606_RESTAURANT_8fab65068d9f00af7197863a23301ff1_c.jpg?fit=around%7C200%3A200&crop=200%3A200%3B%2A%2C%2A",
        "user_rating": {
          "aggregate_rating": "4.0",
          "rating_text": "Very Good",
          "rating_color": "5BA829",
          "rating_obj": {
            "title": {
              "text": "4.0"
            },
            "bg_color": {
              "type": "lime",
              "tint": "600"
            }
          },
          "votes": 141
        },
        "all_reviews_count": 95,
        "photos_url": "https:\/\/www.zomato.com\/adelaide\/boatshed-cafe-hallett-cove\/photos?utm_source=api_basic_user&utm_medium=api&utm_campaign=v2.1#tabtop",
        "photo_count": 49,
        "menu_url": "https:\/\/www.zomato.com\/adelaide\/boatshed-cafe-hallett-cove\/menu?utm_source=api_basic_user&utm_medium=api&utm_campaign=v2.1&openSwipeBox=menu&showMinimal=1#tabtop",
        "featured_image": "https:\/\/b.zmtcdn.com\/data\/res_imagery\/16587606_RESTAURANT_8fab65068d9f00af7197863a23301ff1_c.jpg",
        "medio_provider": false,
        "has_online_delivery": 0,
        "is_delivering_now": 0,
        "store_type": "",
        "include_bogo_offers": true,
        "deeplink": "zomato:\/\/restaurant\/16587606",
        "is_table_reservation_supported": 0,
        "has_table_booking": 0,
        "events_url": "https:\/\/www.zomato.com\/adelaide\/boatshed-cafe-hallett-cove\/events#tabtop?utm_source=api_basic_user&utm_medium=api&utm_campaign=v2.1",
        "phone_numbers": "(08) 8322 4000",
        "all_reviews": {
          "reviews": [
            {
              "review": []
            },
            {
              "review": []
            },
            {
              "review": []
            },
            {
              "review": []
            },
            {
              "review": []
            }
          ]
        },
        "establishment": [
          "Caf\u00e9"
        ],
        "establishment_types": []
      }
    },
    {
      "restaurant": {
        "R": {
          "res_id": 16589196,
          "is_grocery_store": false,
          "has_menu_status": {
            "delivery": -1,
            "takeaway": -1
          }
        },
        "apikey": "c1d331ff7e4dcfb200d33fa7efb9b184",
        "id": "16589196",
        "name": "Coffylosophy",
        "url": "https:\/\/www.zomato.com\/adelaide\/coffylosophy-city-centre?utm_source=api_basic_user&utm_medium=api&utm_campaign=v2.1",
        "location": {
          "address": "198a Hutt Street, Adelaide",
          "locality": "Hutt Street, City Centre",
          "city": "Adelaide",
          "city_id": 297,
          "latitude": "-34.9320431668",
          "longitude": "138.6122079939",
          "zipcode": "5000",
          "country_id": 14,
          "locality_verbose": "Hutt Street, City Centre, Adelaide, SA"
        },
        "switch_to_order_menu": 0,
        "cuisines": "Coffee and Tea, Cafe Food",
        "timings": "7am \u2013 2pm (Mon-Sun)",
        "average_cost_for_two": 35,
        "price_range": 2,
        "currency": "$",
        "highlights": [
          "Cash",
          "Debit Card",
          "Takeaway Available",
          "Breakfast",
          "Lunch",
          "Credit Card",
          "Delivery",
          "No Alcohol Available",
          "Indoor Seating",
          "Outdoor Seating",
          "Vegetarian Friendly",
          "Table booking recommended"
        ],
        "offers": [],
        "opentable_support": 0,
        "is_zomato_book_res": 0,
        "mezzo_provider": "OTHER",
        "is_book_form_web_view": 0,
        "book_form_web_view_url": "",
        "book_again_url": "",
        "thumb": "https:\/\/b.zmtcdn.com\/data\/res_imagery\/16589196_RESTAURANT_a4a309f0004175ddaf74f753f2dbca6c.jpg?fit=around%7C200%3A200&crop=200%3A200%3B%2A%2C%2A",
        "user_rating": {
          "aggregate_rating": "3.7",
          "rating_text": "Good",
          "rating_color": "9ACD32",
          "rating_obj": {
            "title": {
              "text": "3.7"
            },
            "bg_color": {
              "type": "lime",
              "tint": "600"
            }
          },
          "votes": 102
        },
        "all_reviews_count": 48,
        "photos_url": "https:\/\/www.zomato.com\/adelaide\/coffylosophy-city-centre\/photos?utm_source=api_basic_user&utm_medium=api&utm_campaign=v2.1#tabtop",
        "photo_count": 87,
        "menu_url": "https:\/\/www.zomato.com\/adelaide\/coffylosophy-city-centre\/menu?utm_source=api_basic_user&utm_medium=api&utm_campaign=v2.1&openSwipeBox=menu&showMinimal=1#tabtop",
        "featured_image": "https:\/\/b.zmtcdn.com\/data\/res_imagery\/16589196_RESTAURANT_a4a309f0004175ddaf74f753f2dbca6c.jpg",
        "medio_provider": false,
        "has_online_delivery": 0,
        "is_delivering_now": 0,
        "store_type": "",
        "include_bogo_offers": true,
        "deeplink": "zomato:\/\/restaurant\/16589196",
        "is_table_reservation_supported": 0,
        "has_table_booking": 0,
        "events_url": "https:\/\/www.zomato.com\/adelaide\/coffylosophy-city-centre\/events#tabtop?utm_source=api_basic_user&utm_medium=api&utm_campaign=v2.1",
        "phone_numbers": "08 8227 1860",
        "all_reviews": {
          "reviews": [
            {
              "review": []
            },
            {
              "review": []
            },
            {
              "review": []
            },
            {
              "review": []
            },
            {
              "review": []
            }
          ]
        },
        "establishment": [
          "Caf\u00e9"
        ],
        "establishment_types": []
      }
    },
    {
      "restaurant": {
        "R": {
          "res_id": 18231734,
          "is_grocery_store": false,
          "has_menu_status": {
            "delivery": -1,
            "takeaway": -1
          }
        },
        "apikey": "c1d331ff7e4dcfb200d33fa7efb9b184",
        "id": "18231734",
        "name": "Black Dog Gallery",
        "url": "https:\/\/www.zomato.com\/adelaide\/black-dog-gallery-linden-park?utm_source=api_basic_user&utm_medium=api&utm_campaign=v2.1",
        "location": {
          "address": "4\/455 Greenhill Road, Tusmore, Adelaide",
          "locality": "Greenhill Road, Linden Park",
          "city": "Adelaide",
          "city_id": 297,
          "latitude": "-34.9386835560",
          "longitude": "138.6509834290",
          "zipcode": "",
          "country_id": 14,
          "locality_verbose": "Greenhill Road, Linden Park, Adelaide, SA"
        },
        "switch_to_order_menu": 0,
        "cuisines": "Japanese, Coffee and Tea, Cafe Food",
        "timings": "Closed (Mon),10 AM to 4 PM (Tue, Wed, Sun), 10 AM to 4 PM, 5:30 PM to 8:30 PM (Thu-Sat)",
        "average_cost_for_two": 50,
        "price_range": 2,
        "currency": "$",
        "highlights": [
          "Cash",
          "Takeaway Available",
          "Lunch",
          "Credit Card",
          "Breakfast",
          "No Alcohol Available",
          "Indoor Seating",
          "Pet Friendly",
          "Vegan Options",
          "All Day Breakfast",
          "Lunch Menu",
          "Outdoor Seating",
          "Kid Friendly",
          "Wheelchair Accessible",
          "Gluten Free Options",
          "Vegetarian Friendly"
        ],
        "offers": [],
        "opentable_support": 0,
        "is_zomato_book_res": 0,
        "mezzo_provider": "OTHER",
        "is_book_form_web_view": 0,
        "book_form_web_view_url": "",
        "book_again_url": "",
        "thumb": "https:\/\/b.zmtcdn.com\/data\/res_imagery\/18231734_RESTAURANT_e4c66e53fc3bedc6eafff0d7f6a5e44f.jpg?fit=around%7C200%3A200&crop=200%3A200%3B%2A%2C%2A",
        "user_rating": {
          "aggregate_rating": "3.9",
          "rating_text": "Good",
          "rating_color": "9ACD32",
          "rating_obj": {
            "title": {
              "text": "3.9"
            },
            "bg_color": {
              "type": "lime",
              "tint": "600"
            }
          },
          "votes": 56
        },
        "all_reviews_count": 25,
        "photos_url": "https:\/\/www.zomato.com\/adelaide\/black-dog-gallery-linden-park\/photos?utm_source=api_basic_user&utm_medium=api&utm_campaign=v2.1#tabtop",
        "photo_count": 79,
        "menu_url": "https:\/\/www.zomato.com\/adelaide\/black-dog-gallery-linden-park\/menu?utm_source=api_basic_user&utm_medium=api&utm_campaign=v2.1&openSwipeBox=menu&showMinimal=1#tabtop",
        "featured_image": "https:\/\/b.zmtcdn.com\/data\/res_imagery\/18231734_RESTAURANT_e4c66e53fc3bedc6eafff0d7f6a5e44f.jpg",
        "medio_provider": false,
        "has_online_delivery": 0,
        "is_delivering_now": 0,
        "store_type": "",
        "include_bogo_offers": true,
        "deeplink": "zomato:\/\/restaurant\/18231734",
        "is_table_reservation_supported": 0,
        "has_table_booking": 0,
        "events_url": "https:\/\/www.zomato.com\/adelaide\/black-dog-gallery-linden-park\/events#tabtop?utm_source=api_basic_user&utm_medium=api&utm_campaign=v2.1",
        "phone_numbers": "0455 463 432",
        "all_reviews": {
          "reviews": [
            {
              "review": []
            },
            {
              "review": []
            },
            {
              "review": []
            },
            {
              "review": []
            },
            {
              "review": []
            }
          ]
        },
        "establishment": [
          "Caf\u00e9"
        ],
        "establishment_types": []
      }
    },
    {
      "restaurant": {
        "R": {
          "res_id": 16587610,
          "is_grocery_store": false,
          "has_menu_status": {
            "delivery": -1,
            "takeaway": -1
          }
        },
        "apikey": "c1d331ff7e4dcfb200d33fa7efb9b184",
        "id": "16587610",
        "name": "The Artisan Caf\u00e9",
        "url": "https:\/\/www.zomato.com\/adelaide\/the-artisan-caf\u00e9-blackwood?utm_source=api_basic_user&utm_medium=api&utm_campaign=v2.1",
        "location": {
          "address": "Shop 1-2, 252 Main Road, Blackwood, Blackwood, Adelaide",
          "locality": "Main Road, Blackwood",
          "city": "Adelaide",
          "city_id": 297,
          "latitude": "-35.0206388889",
          "longitude": "138.6162722222",
          "zipcode": "5051",
          "country_id": 14,
          "locality_verbose": "Main Road, Blackwood, Adelaide, SA"
        },
        "switch_to_order_menu": 0,
        "cuisines": "Modern Australian, Coffee and Tea, Cafe Food",
        "timings": "7:30 AM to 5 PM (Mon, Tue, Wed, Sat), 7:30 AM to 9 PM (Thu-Fri),9 AM to 5 PM (Sun)",
        "average_cost_for_two": 75,
        "price_range": 3,
        "currency": "$",
        "highlights": [
          "Lunch",
          "Credit Card",
          "Cash",
          "Takeaway Available",
          "Debit Card",
          "Breakfast",
          "Outdoor Seating",
          "Smoking Area",
          "Gluten Free Options",
          "BYO",
          "Vegan Options",
          "Kid Friendly",
          "Wifi",
          "Vegetarian Friendly",
          "Indoor Seating",
          "Wheelchair Accessible",
          "Fullbar"
        ],
        "offers": [],
        "opentable_support": 0,
        "is_zomato_book_res": 0,
        "mezzo_provider": "OTHER",
        "is_book_form_web_view": 0,
        "book_form_web_view_url": "",
        "book_again_url": "",
        "thumb": "https:\/\/b.zmtcdn.com\/data\/res_imagery\/16587610_RESTAURANT_c0c7d7799a6cf4095ab0115e369fedc8.jpg?fit=around%7C200%3A200&crop=200%3A200%3B%2A%2C%2A",
        "user_rating": {
          "aggregate_rating": "4.0",
          "rating_text": "Very Good",
          "rating_color": "5BA829",
          "rating_obj": {
            "title": {
              "text": "4.0"
            },
            "bg_color": {
              "type": "lime",
              "tint": "600"
            }
          },
          "votes": 146
        },
        "all_reviews_count": 74,
        "photos_url": "https:\/\/www.zomato.com\/adelaide\/the-artisan-caf\u00e9-blackwood\/photos?utm_source=api_basic_user&utm_medium=api&utm_campaign=v2.1#tabtop",
        "photo_count": 22,
        "menu_url": "https:\/\/www.zomato.com\/adelaide\/the-artisan-caf\u00e9-blackwood\/menu?utm_source=api_basic_user&utm_medium=api&utm_campaign=v2.1&openSwipeBox=menu&showMinimal=1#tabtop",
        "featured_image": "https:\/\/b.zmtcdn.com\/data\/res_imagery\/16587610_RESTAURANT_c0c7d7799a6cf4095ab0115e369fedc8.jpg",
        "medio_provider": false,
        "has_online_delivery": 0,
        "is_delivering_now": 0,
        "store_type": "",
        "include_bogo_offers": true,
        "deeplink": "zomato:\/\/restaurant\/16587610",
        "is_table_reservation_supported": 0,
        "has_table_booking": 0,
        "events_url": "https:\/\/www.zomato.com\/adelaide\/the-artisan-caf\u00e9-blackwood\/events#tabtop?utm_source=api_basic_user&utm_medium=api&utm_campaign=v2.1",
        "phone_numbers": "(08) 8278 9888",
        "all_reviews": {
          "reviews": [
            {
              "review": []
            },
            {
              "review": []
            },
            {
              "review": []
            },
            {
              "review": []
            },
            {
              "review": []
            }
          ]
        },
        "establishment": [
          "Caf\u00e9"
        ],
        "establishment_types": []
      }
    },
    {
      "restaurant": {
        "R": {
          "res_id": 16587604,
          "is_grocery_store": false,
          "has_menu_status": {
            "delivery": -1,
            "takeaway": -1
          }
        },
        "apikey": "c1d331ff7e4dcfb200d33fa7efb9b184",
        "id": "16587604",
        "name": "Swedish Tarts",
        "url": "https:\/\/www.zomato.com\/adelaide\/swedish-tarts-semaphore?utm_source=api_basic_user&utm_medium=api&utm_campaign=v2.1",
        "location": {
          "address": "40 Semaphore Road, Semaphore",
          "locality": "Semaphore Road, Semaphore",
          "city": "Adelaide",
          "city_id": 297,
          "latitude": "-34.8388940000",
          "longitude": "138.4830470000",
          "zipcode": "5019",
          "country_id": 14,
          "locality_verbose": "Semaphore Road, Semaphore, Adelaide, SA"
        },
        "switch_to_order_menu": 0,
        "cuisines": "Desserts, Coffee and Tea, Cafe Food",
        "timings": "7 AM to 5:30 PM (Mon-Sun)",
        "average_cost_for_two": 30,
        "price_range": 2,
        "currency": "$",
        "highlights": [
          "Cash",
          "Debit Card",
          "Lunch",
          "Credit Card",
          "Takeaway Available",
          "Breakfast",
          "No Alcohol Available",
          "Kid Friendly",
          "Wheelchair Accessible",
          "Gluten Free Options",
          "Vegetarian Friendly",
          "Desserts and Bakes",
          "Indoor Seating",
          "Pet Friendly",
          "Vegan Options"
        ],
        "offers": [],
        "opentable_support": 0,
        "is_zomato_book_res": 0,
        "mezzo_provider": "OTHER",
        "is_book_form_web_view": 0,
        "book_form_web_view_url": "",
        "book_again_url": "",
        "thumb": "https:\/\/b.zmtcdn.com\/data\/res_imagery\/16587604_RESTAURANT_79d6d4641007d2bf57217161eaca48be.jpg?fit=around%7C200%3A200&crop=200%3A200%3B%2A%2C%2A",
        "user_rating": {
          "aggregate_rating": "4.0",
          "rating_text": "Very Good",
          "rating_color": "5BA829",
          "rating_obj": {
            "title": {
              "text": "4.0"
            },
            "bg_color": {
              "type": "lime",
              "tint": "600"
            }
          },
          "votes": 169
        },
        "all_reviews_count": 70,
        "photos_url": "https:\/\/www.zomato.com\/adelaide\/swedish-tarts-semaphore\/photos?utm_source=api_basic_user&utm_medium=api&utm_campaign=v2.1#tabtop",
        "photo_count": 44,
        "menu_url": "https:\/\/www.zomato.com\/adelaide\/swedish-tarts-semaphore\/menu?utm_source=api_basic_user&utm_medium=api&utm_campaign=v2.1&openSwipeBox=menu&showMinimal=1#tabtop",
        "featured_image": "https:\/\/b.zmtcdn.com\/data\/res_imagery\/16587604_RESTAURANT_79d6d4641007d2bf57217161eaca48be.jpg",
        "medio_provider": false,
        "has_online_delivery": 0,
        "is_delivering_now": 0,
        "store_type": "",
        "include_bogo_offers": true,
        "deeplink": "zomato:\/\/restaurant\/16587604",
        "is_table_reservation_supported": 0,
        "has_table_booking": 0,
        "events_url": "https:\/\/www.zomato.com\/adelaide\/swedish-tarts-semaphore\/events#tabtop?utm_source=api_basic_user&utm_medium=api&utm_campaign=v2.1",
        "phone_numbers": "(08) 7225 0205",
        "all_reviews": {
          "reviews": [
            {
              "review": []
            },
            {
              "review": []
            },
            {
              "review": []
            },
            {
              "review": []
            },
            {
              "review": []
            }
          ]
        },
        "establishment": [
          "Caf\u00e9"
        ],
        "establishment_types": []
      }
    },
    {
      "restaurant": {
        "R": {
          "res_id": 18016719,
          "is_grocery_store": false,
          "has_menu_status": {
            "delivery": -1,
            "takeaway": -1
          }
        },
        "apikey": "c1d331ff7e4dcfb200d33fa7efb9b184",
        "id": "18016719",
        "name": "Long Lost Friend",
        "url": "https:\/\/www.zomato.com\/adelaide\/long-lost-friend-kensington-gardens?utm_source=api_basic_user&utm_medium=api&utm_campaign=v2.1",
        "location": {
          "address": "523 Magill Road, Kensington Gardens",
          "locality": "Kensington Gardens",
          "city": "Adelaide",
          "city_id": 297,
          "latitude": "-34.9134271323",
          "longitude": "138.6675741524",
          "zipcode": "5072",
          "country_id": 14,
          "locality_verbose": "Kensington Gardens"
        },
        "switch_to_order_menu": 0,
        "cuisines": "Coffee and Tea, Cafe Food",
        "timings": "Closed (Mon),8 AM to 4 PM (Tue-Fri),8 AM to 2 PM (Sat-Sun)",
        "average_cost_for_two": 50,
        "price_range": 2,
        "currency": "$",
        "highlights": [
          "Cash",
          "Debit Card",
          "No Alcohol Available",
          "Credit Card",
          "Takeaway Available",
          "Breakfast",
          "Lunch",
          "Indoor Seating",
          "Wheelchair Accessible",
          "Gluten Free Options",
          "All Day Breakfast",
          "Outdoor Seating",
          "Pet Friendly",
          "Vegetarian Friendly"
        ],
        "offers": [],
        "opentable_support": 0,
        "is_zomato_book_res": 0,
        "mezzo_provider": "OTHER",
        "is_book_form_web_view": 0,
        "book_form_web_view_url": "",
        "book_again_url": "",
        "thumb": "https:\/\/b.zmtcdn.com\/data\/res_imagery\/18016719_RESTAURANT_d2c6e205b0cb2e03bb434226e7314676_c.jpg?fit=around%7C200%3A200&crop=200%3A200%3B%2A%2C%2A",
        "user_rating": {
          "aggregate_rating": "3.7",
          "rating_text": "Good",
          "rating_color": "9ACD32",
          "rating_obj": {
            "title": {
              "text": "3.7"
            },
            "bg_color": {
              "type": "lime",
              "tint": "600"
            }
          },
          "votes": 73
        },
        "all_reviews_count": 36,
        "photos_url": "https:\/\/www.zomato.com\/adelaide\/long-lost-friend-kensington-gardens\/photos?utm_source=api_basic_user&utm_medium=api&utm_campaign=v2.1#tabtop",
        "photo_count": 54,
        "menu_url": "https:\/\/www.zomato.com\/adelaide\/long-lost-friend-kensington-gardens\/menu?utm_source=api_basic_user&utm_medium=api&utm_campaign=v2.1&openSwipeBox=menu&showMinimal=1#tabtop",
        "featured_image": "https:\/\/b.zmtcdn.com\/data\/res_imagery\/18016719_RESTAURANT_d2c6e205b0cb2e03bb434226e7314676_c.jpg",
        "medio_provider": false,
        "has_online_delivery": 0,
        "is_delivering_now": 0,
        "store_type": "",
        "include_bogo_offers": true,
        "deeplink": "zomato:\/\/restaurant\/18016719",
        "is_table_reservation_supported": 0,
        "has_table_booking": 0,
        "events_url": "https:\/\/www.zomato.com\/adelaide\/long-lost-friend-kensington-gardens\/events#tabtop?utm_source=api_basic_user&utm_medium=api&utm_campaign=v2.1",
        "phone_numbers": "(08) 8331 0847",
        "all_reviews": {
          "reviews": [
            {
              "review": []
            },
            {
              "review": []
            },
            {
              "review": []
            },
            {
              "review": []
            },
            {
              "review": []
            }
          ]
        },
        "establishment": [
          "Caf\u00e9"
        ],
        "establishment_types": []
      }
    },
    {
      "restaurant": {
        "R": {
          "res_id": 16587914,
          "is_grocery_store": false,
          "has_menu_status": {
            "delivery": -1,
            "takeaway": -1
          }
        },
        "apikey": "c1d331ff7e4dcfb200d33fa7efb9b184",
        "id": "16587914",
        "name": "Saz\u00f3n Espresso",
        "url": "https:\/\/www.zomato.com\/adelaide\/saz\u00f3n-espresso-mount-barker?utm_source=api_basic_user&utm_medium=api&utm_campaign=v2.1",
        "location": {
          "address": "1 24 Gawler Street, Mount Barker",
          "locality": "Gawler Street, Mount Barker",
          "city": "Adelaide",
          "city_id": 297,
          "latitude": "-35.0673055556",
          "longitude": "138.8586277778",
          "zipcode": "5251",
          "country_id": 14,
          "locality_verbose": "Gawler Street, Mount Barker, Adelaide, SA"
        },
        "switch_to_order_menu": 0,
        "cuisines": "Mexican, Coffee and Tea, Cafe Food",
        "timings": "7 AM to 5 PM (Mon-Thu),7 AM to 10 PM (Fri),8 AM to 7:30 PM (Sat),8 AM to 4 PM (Sun)",
        "average_cost_for_two": 80,
        "price_range": 3,
        "currency": "$",
        "highlights": [
          "Credit Card",
          "Takeaway Available",
          "No Alcohol Available",
          "Dinner",
          "Cash",
          "Debit Card",
          "Breakfast",
          "Lunch",
          "Live Music",
          "Outdoor Seating",
          "Vegetarian Friendly",
          "Indoor Seating",
          "Gluten Free Options"
        ],
        "offers": [],
        "opentable_support": 0,
        "is_zomato_book_res": 0,
        "mezzo_provider": "OTHER",
        "is_book_form_web_view": 0,
        "book_form_web_view_url": "",
        "book_again_url": "",
        "thumb": "https:\/\/b.zmtcdn.com\/data\/res_imagery\/16587914_RESTAURANT_e4bce6da1b1ab1a66e485360068624d2.jpg?fit=around%7C200%3A200&crop=200%3A200%3B%2A%2C%2A",
        "user_rating": {
          "aggregate_rating": "4.5",
          "rating_text": "Excellent",
          "rating_color": "3F7E00",
          "rating_obj": {
            "title": {
              "text": "4.5"
            },
            "bg_color": {
              "type": "lime",
              "tint": "700"
            }
          },
          "votes": 122
        },
        "all_reviews_count": 47,
        "photos_url": "https:\/\/www.zomato.com\/adelaide\/saz\u00f3n-espresso-mount-barker\/photos?utm_source=api_basic_user&utm_medium=api&utm_campaign=v2.1#tabtop",
        "photo_count": 24,
        "menu_url": "https:\/\/www.zomato.com\/adelaide\/saz\u00f3n-espresso-mount-barker\/menu?utm_source=api_basic_user&utm_medium=api&utm_campaign=v2.1&openSwipeBox=menu&showMinimal=1#tabtop",
        "featured_image": "https:\/\/b.zmtcdn.com\/data\/res_imagery\/16587914_RESTAURANT_e4bce6da1b1ab1a66e485360068624d2.jpg?output-format=webp",
        "medio_provider": false,
        "has_online_delivery": 0,
        "is_delivering_now": 0,
        "store_type": "",
        "include_bogo_offers": true,
        "deeplink": "zomato:\/\/restaurant\/16587914",
        "is_table_reservation_supported": 0,
        "has_table_booking": 0,
        "events_url": "https:\/\/www.zomato.com\/adelaide\/saz\u00f3n-espresso-mount-barker\/events#tabtop?utm_source=api_basic_user&utm_medium=api&utm_campaign=v2.1",
        "phone_numbers": "(08) 8391 4641",
        "all_reviews": {
          "reviews": [
            {
              "review": []
            },
            {
              "review": []
            },
            {
              "review": []
            },
            {
              "review": []
            },
            {
              "review": []
            }
          ]
        },
        "establishment": [
          "Caf\u00e9"
        ],
        "establishment_types": []
      }
    },
    {
      "restaurant": {
        "R": {
          "res_id": 18251149,
          "is_grocery_store": false,
          "has_menu_status": {
            "delivery": -1,
            "takeaway": -1
          }
        },
        "apikey": "c1d331ff7e4dcfb200d33fa7efb9b184",
        "id": "18251149",
        "name": "Bricks and Stones",
        "url": "https:\/\/www.zomato.com\/adelaide\/bricks-and-stones-adelaide?utm_source=api_basic_user&utm_medium=api&utm_campaign=v2.1",
        "location": {
          "address": "190C, Unley Road, Unley, Adelaide",
          "locality": "Unley Road, Unley",
          "city": "Adelaide",
          "city_id": 297,
          "latitude": "-34.9501208231",
          "longitude": "138.6070971251",
          "zipcode": "",
          "country_id": 14,
          "locality_verbose": "Unley Road, Unley, Adelaide, SA"
        },
        "switch_to_order_menu": 0,
        "cuisines": "Healthy Food, Coffee and Tea, Cafe Food",
        "timings": "8 AM to 4 PM (Mon-Sat), 8:30 AM to 3:30 PM (Sun)",
        "average_cost_for_two": 60,
        "price_range": 3,
        "currency": "$",
        "highlights": [
          "Cash",
          "Takeaway Available",
          "Credit Card",
          "Breakfast",
          "Lunch",
          "Lunch Menu",
          "Wine",
          "Indoor Seating",
          "Outdoor Seating",
          "Beer",
          "Pet Friendly",
          "Vegan Options",
          "All Day Breakfast",
          "Brunch"
        ],
        "offers": [],
        "opentable_support": 0,
        "is_zomato_book_res": 0,
        "mezzo_provider": "OTHER",
        "is_book_form_web_view": 0,
        "book_form_web_view_url": "",
        "book_again_url": "",
        "thumb": "https:\/\/b.zmtcdn.com\/data\/res_imagery\/18251149_RESTAURANT_2812aff5436ddd2f128fb56161c6e792.jpg?fit=around%7C200%3A200&crop=200%3A200%3B%2A%2C%2A",
        "user_rating": {
          "aggregate_rating": "3.8",
          "rating_text": "Good",
          "rating_color": "9ACD32",
          "rating_obj": {
            "title": {
              "text": "3.8"
            },
            "bg_color": {
              "type": "lime",
              "tint": "600"
            }
          },
          "votes": 46
        },
        "all_reviews_count": 26,
        "photos_url": "https:\/\/www.zomato.com\/adelaide\/bricks-and-stones-adelaide\/photos?utm_source=api_basic_user&utm_medium=api&utm_campaign=v2.1#tabtop",
        "photo_count": 86,
        "menu_url": "https:\/\/www.zomato.com\/adelaide\/bricks-and-stones-adelaide\/menu?utm_source=api_basic_user&utm_medium=api&utm_campaign=v2.1&openSwipeBox=menu&showMinimal=1#tabtop",
        "featured_image": "https:\/\/b.zmtcdn.com\/data\/res_imagery\/18251149_RESTAURANT_2812aff5436ddd2f128fb56161c6e792.jpg",
        "medio_provider": false,
        "has_online_delivery": 0,
        "is_delivering_now": 0,
        "store_type": "",
        "include_bogo_offers": true,
        "deeplink": "zomato:\/\/restaurant\/18251149",
        "is_table_reservation_supported": 0,
        "has_table_booking": 0,
        "events_url": "https:\/\/www.zomato.com\/adelaide\/bricks-and-stones-adelaide\/events#tabtop?utm_source=api_basic_user&utm_medium=api&utm_campaign=v2.1",
        "phone_numbers": "0431 443 808",
        "all_reviews": {
          "reviews": [
            {
              "review": []
            },
            {
              "review": []
            },
            {
              "review": []
            },
            {
              "review": []
            },
            {
              "review": []
            }
          ]
        },
        "establishment": [
          "Caf\u00e9"
        ],
        "establishment_types": []
      }
    },
    {
      "restaurant": {
        "R": {
          "res_id": 16589204,
          "is_grocery_store": false,
          "has_menu_status": {
            "delivery": -1,
            "takeaway": -1
          }
        },
        "apikey": "c1d331ff7e4dcfb200d33fa7efb9b184",
        "id": "16589204",
        "name": "Penny University",
        "url": "https:\/\/www.zomato.com\/adelaide\/penny-university-city-centre?utm_source=api_basic_user&utm_medium=api&utm_campaign=v2.1",
        "location": {
          "address": "1\/7 Union Street, Adelaide",
          "locality": "City Centre",
          "city": "Adelaide",
          "city_id": 297,
          "latitude": "-34.9228628191",
          "longitude": "138.6086426675",
          "zipcode": "5000",
          "country_id": 14,
          "locality_verbose": "City Centre"
        },
        "switch_to_order_menu": 0,
        "cuisines": "Healthy Food, Coffee and Tea, Cafe Food",
        "timings": "7 AM to 3 PM (Mon-Fri),Closed (Sat-Sun)",
        "average_cost_for_two": 30,
        "price_range": 2,
        "currency": "$",
        "highlights": [
          "Cash",
          "Debit Card",
          "No Alcohol Available",
          "Credit Card",
          "Takeaway Available",
          "Breakfast",
          "Lunch",
          "Indoor Seating",
          "Gluten Free Options",
          "Vegetarian Friendly",
          "Outdoor Seating",
          "Vegan Options"
        ],
        "offers": [],
        "opentable_support": 0,
        "is_zomato_book_res": 0,
        "mezzo_provider": "OTHER",
        "is_book_form_web_view": 0,
        "book_form_web_view_url": "",
        "book_again_url": "",
        "thumb": "https:\/\/b.zmtcdn.com\/data\/res_imagery\/16589204_RESTAURANT_d23db54ccf08388f0457c3133f8e6eae.jpg?fit=around%7C200%3A200&crop=200%3A200%3B%2A%2C%2A",
        "user_rating": {
          "aggregate_rating": "4.0",
          "rating_text": "Very Good",
          "rating_color": "5BA829",
          "rating_obj": {
            "title": {
              "text": "4.0"
            },
            "bg_color": {
              "type": "lime",
              "tint": "600"
            }
          },
          "votes": 73
        },
        "all_reviews_count": 35,
        "photos_url": "https:\/\/www.zomato.com\/adelaide\/penny-university-city-centre\/photos?utm_source=api_basic_user&utm_medium=api&utm_campaign=v2.1#tabtop",
        "photo_count": 39,
        "menu_url": "https:\/\/www.zomato.com\/adelaide\/penny-university-city-centre\/menu?utm_source=api_basic_user&utm_medium=api&utm_campaign=v2.1&openSwipeBox=menu&showMinimal=1#tabtop",
        "featured_image": "https:\/\/b.zmtcdn.com\/data\/res_imagery\/16589204_RESTAURANT_d23db54ccf08388f0457c3133f8e6eae.jpg",
        "medio_provider": false,
        "has_online_delivery": 0,
        "is_delivering_now": 0,
        "store_type": "",
        "include_bogo_offers": true,
        "deeplink": "zomato:\/\/restaurant\/16589204",
        "is_table_reservation_supported": 0,
        "has_table_booking": 0,
        "events_url": "https:\/\/www.zomato.com\/adelaide\/penny-university-city-centre\/events#tabtop?utm_source=api_basic_user&utm_medium=api&utm_campaign=v2.1",
        "phone_numbers": "(08) 8227 2772",
        "all_reviews": {
          "reviews": [
            {
              "review": []
            },
            {
              "review": []
            },
            {
              "review": []
            },
            {
              "review": []
            },
            {
              "review": []
            }
          ]
        },
        "establishment": [
          "Caf\u00e9"
        ],
        "establishment_types": []
      }
    },
    {
      "restaurant": {
        "R": {
          "res_id": 16588628,
          "is_grocery_store": false,
          "has_menu_status": {
            "delivery": -1,
            "takeaway": -1
          }
        },
        "apikey": "c1d331ff7e4dcfb200d33fa7efb9b184",
        "id": "16588628",
        "name": "Please Say Please",
        "url": "https:\/\/www.zomato.com\/adelaide\/please-say-please-city-centre?utm_source=api_basic_user&utm_medium=api&utm_campaign=v2.1",
        "location": {
          "address": "Shop 2, 50 Grenfell Street, Adelaide",
          "locality": "Grenfell Street, City Centre",
          "city": "Adelaide",
          "city_id": 297,
          "latitude": "-34.9242876175",
          "longitude": "138.6017450318",
          "zipcode": "5000",
          "country_id": 14,
          "locality_verbose": "Grenfell Street, City Centre, Adelaide, SA"
        },
        "switch_to_order_menu": 0,
        "cuisines": "Coffee and Tea, Cafe Food",
        "timings": "7 AM to 4 PM (Mon-Fri),Closed (Sat-Sun)",
        "average_cost_for_two": 20,
        "price_range": 1,
        "currency": "$",
        "highlights": [
          "Cash",
          "Debit Card",
          "Takeaway Available",
          "Credit Card",
          "Breakfast",
          "No Alcohol Available",
          "Vegetarian Friendly",
          "Desserts and Bakes",
          "Indoor Seating",
          "Gluten Free Options"
        ],
        "offers": [],
        "opentable_support": 0,
        "is_zomato_book_res": 0,
        "mezzo_provider": "OTHER",
        "is_book_form_web_view": 0,
        "book_form_web_view_url": "",
        "book_again_url": "",
        "thumb": "https:\/\/b.zmtcdn.com\/data\/res_imagery\/16588628_RESTAURANT_d285dd3535f0f3c11e17c8a952ea4cae.jpg?fit=around%7C200%3A200&crop=200%3A200%3B%2A%2C%2A",
        "user_rating": {
          "aggregate_rating": "4.1",
          "rating_text": "Very Good",
          "rating_color": "5BA829",
          "rating_obj": {
            "title": {
              "text": "4.1"
            },
            "bg_color": {
              "type": "lime",
              "tint": "700"
            }
          },
          "votes": 132
        },
        "all_reviews_count": 32,
        "photos_url": "https:\/\/www.zomato.com\/adelaide\/please-say-please-city-centre\/photos?utm_source=api_basic_user&utm_medium=api&utm_campaign=v2.1#tabtop",
        "photo_count": 34,
        "menu_url": "https:\/\/www.zomato.com\/adelaide\/please-say-please-city-centre\/menu?utm_source=api_basic_user&utm_medium=api&utm_campaign=v2.1&openSwipeBox=menu&showMinimal=1#tabtop",
        "featured_image": "https:\/\/b.zmtcdn.com\/data\/res_imagery\/16588628_RESTAURANT_d285dd3535f0f3c11e17c8a952ea4cae.jpg",
        "medio_provider": false,
        "has_online_delivery": 0,
        "is_delivering_now": 0,
        "store_type": "",
        "include_bogo_offers": true,
        "deeplink": "zomato:\/\/restaurant\/16588628",
        "is_table_reservation_supported": 0,
        "has_table_booking": 0,
        "events_url": "https:\/\/www.zomato.com\/adelaide\/please-say-please-city-centre\/events#tabtop?utm_source=api_basic_user&utm_medium=api&utm_campaign=v2.1",
        "phone_numbers": "Not available for this place",
        "all_reviews": {
          "reviews": [
            {
              "review": []
            },
            {
              "review": []
            },
            {
              "review": []
            },
            {
              "review": []
            },
            {
              "review": []
            }
          ]
        },
        "establishment": [
          "Caf\u00e9"
        ],
        "establishment_types": []
      }
    },
    {
      "restaurant": {
        "R": {
          "res_id": 16588456,
          "is_grocery_store": false,
          "has_menu_status": {
            "delivery": -1,
            "takeaway": -1
          }
        },
        "apikey": "c1d331ff7e4dcfb200d33fa7efb9b184",
        "id": "16588456",
        "name": "The Howling Owl",
        "url": "https:\/\/www.zomato.com\/adelaide\/the-howling-owl-city-centre?utm_source=api_basic_user&utm_medium=api&utm_campaign=v2.1",
        "location": {
          "address": "Shop 7, 10 Vaughan Place, City Centre, Adelaide",
          "locality": "City Centre",
          "city": "Adelaide",
          "city_id": 297,
          "latitude": "-34.9219140000",
          "longitude": "138.6095530000",
          "zipcode": "5000",
          "country_id": 14,
          "locality_verbose": "City Centre"
        },
        "switch_to_order_menu": 0,
        "cuisines": "Coffee and Tea, Cafe Food",
        "timings": "8:30 AM to 8 PM (Mon-Tue),8:30 AM to 11 PM (Wed-Thu),8:30 AM to 2 AM (Fri),12 Noon to 2 AM (Sat),Closed (Sun)",
        "average_cost_for_two": 30,
        "price_range": 2,
        "currency": "$",
        "highlights": [
          "Cash",
          "Debit Card",
          "Dinner",
          "Credit Card",
          "Lunch",
          "Indoor Seating",
          "Wheelchair Accessible",
          "Vegetarian Friendly",
          "Nightlife",
          "Fullbar",
          "Outdoor Seating",
          "Gluten Free Options"
        ],
        "offers": [],
        "opentable_support": 0,
        "is_zomato_book_res": 0,
        "mezzo_provider": "OTHER",
        "is_book_form_web_view": 0,
        "book_form_web_view_url": "",
        "book_again_url": "",
        "thumb": "https:\/\/b.zmtcdn.com\/data\/res_imagery\/16588456_RESTAURANT_70555fac1997d47e203a202998ac5715_c.jpg?fit=around%7C200%3A200&crop=200%3A200%3B%2A%2C%2A",
        "user_rating": {
          "aggregate_rating": "4.0",
          "rating_text": "Very Good",
          "rating_color": "5BA829",
          "rating_obj": {
            "title": {
              "text": "4.0"
            },
            "bg_color": {
              "type": "lime",
              "tint": "600"
            }
          },
          "votes": 80
        },
        "all_reviews_count": 27,
        "photos_url": "https:\/\/www.zomato.com\/adelaide\/the-howling-owl-city-centre\/photos?utm_source=api_basic_user&utm_medium=api&utm_campaign=v2.1#tabtop",
        "photo_count": 44,
        "menu_url": "https:\/\/www.zomato.com\/adelaide\/the-howling-owl-city-centre\/menu?utm_source=api_basic_user&utm_medium=api&utm_campaign=v2.1&openSwipeBox=menu&showMinimal=1#tabtop",
        "featured_image": "https:\/\/b.zmtcdn.com\/data\/res_imagery\/16588456_RESTAURANT_70555fac1997d47e203a202998ac5715_c.jpg",
        "medio_provider": false,
        "has_online_delivery": 0,
        "is_delivering_now": 0,
        "store_type": "",
        "include_bogo_offers": true,
        "deeplink": "zomato:\/\/restaurant\/16588456",
        "is_table_reservation_supported": 0,
        "has_table_booking": 0,
        "events_url": "https:\/\/www.zomato.com\/adelaide\/the-howling-owl-city-centre\/events#tabtop?utm_source=api_basic_user&utm_medium=api&utm_campaign=v2.1",
        "phone_numbers": "(08) 8227 1611",
        "all_reviews": {
          "reviews": [
            {
              "review": []
            },
            {
              "review": []
            },
            {
              "review": []
            },
            {
              "review": []
            },
            {
              "review": []
            }
          ]
        },
        "establishment": [
          "Caf\u00e9"
        ],
        "establishment_types": []
      }
    }
  ]
}
]
