[
{
  "results_found": 4264,
  "results_start": 80,
  "results_shown": 20,
  "restaurants": [
    {
      "restaurant": {
        "R": {
          "res_id": 16588195,
          "is_grocery_store": false,
          "has_menu_status": {
            "delivery": -1,
            "takeaway": -1
          }
        },
        "apikey": "c1d331ff7e4dcfb200d33fa7efb9b184",
        "id": "16588195",
        "name": "Pizza e Mozzarella Bar",
        "url": "https:\/\/www.zomato.com\/adelaide\/pizza-e-mozzarella-bar-city-centre?utm_source=api_basic_user&utm_medium=api&utm_campaign=v2.1",
        "location": {
          "address": "33b Pirie Street, Adelaide",
          "locality": "Pirie Street, City Centre",
          "city": "Adelaide",
          "city_id": 297,
          "latitude": "-34.9255722222",
          "longitude": "138.6010138889",
          "zipcode": "5000",
          "country_id": 14,
          "locality_verbose": "Pirie Street, City Centre, Adelaide, SA"
        },
        "switch_to_order_menu": 0,
        "cuisines": "Italian, Pizza",
        "timings": "12noon \u2013 3pm (Mon),12noon \u2013 3pm, 5pm \u2013 8pm (Tue-Thu),12noon \u2013 9:30pm (Fri),5pm \u2013 9:30pm (Sat),Closed (Sun)",
        "average_cost_for_two": 80,
        "price_range": 3,
        "currency": "$",
        "highlights": [
          "Credit Card",
          "Dinner",
          "Takeaway Available",
          "Lunch",
          "Gluten Free Options",
          "Fullbar",
          "Indoor Seating",
          "Vegetarian Friendly",
          "Table booking recommended"
        ],
        "offers": [],
        "opentable_support": 0,
        "is_zomato_book_res": 0,
        "mezzo_provider": "OTHER",
        "is_book_form_web_view": 0,
        "book_form_web_view_url": "",
        "book_again_url": "",
        "thumb": "https:\/\/b.zmtcdn.com\/data\/res_imagery\/16588195_RESTAURANT_d79d5a75f5ad2fa7b576dd0072682de0.jpg?fit=around%7C200%3A200&crop=200%3A200%3B%2A%2C%2A",
        "user_rating": {
          "aggregate_rating": "4.4",
          "rating_text": "Very Good",
          "rating_color": "5BA829",
          "rating_obj": {
            "title": {
              "text": "4.4"
            },
            "bg_color": {
              "type": "lime",
              "tint": "700"
            }
          },
          "votes": 236
        },
        "all_reviews_count": 94,
        "photos_url": "https:\/\/www.zomato.com\/adelaide\/pizza-e-mozzarella-bar-city-centre\/photos?utm_source=api_basic_user&utm_medium=api&utm_campaign=v2.1#tabtop",
        "photo_count": 43,
        "menu_url": "https:\/\/www.zomato.com\/adelaide\/pizza-e-mozzarella-bar-city-centre\/menu?utm_source=api_basic_user&utm_medium=api&utm_campaign=v2.1&openSwipeBox=menu&showMinimal=1#tabtop",
        "featured_image": "https:\/\/b.zmtcdn.com\/data\/res_imagery\/16588195_RESTAURANT_d79d5a75f5ad2fa7b576dd0072682de0.jpg",
        "medio_provider": false,
        "has_online_delivery": 0,
        "is_delivering_now": 0,
        "store_type": "",
        "include_bogo_offers": true,
        "deeplink": "zomato:\/\/restaurant\/16588195",
        "is_table_reservation_supported": 0,
        "has_table_booking": 0,
        "events_url": "https:\/\/www.zomato.com\/adelaide\/pizza-e-mozzarella-bar-city-centre\/events#tabtop?utm_source=api_basic_user&utm_medium=api&utm_campaign=v2.1",
        "phone_numbers": "08 8164 1003",
        "all_reviews": {
          "reviews": [
            {
              "review": []
            },
            {
              "review": []
            },
            {
              "review": []
            },
            {
              "review": []
            },
            {
              "review": []
            }
          ]
        },
        "establishment": [
          "Casual Dining"
        ],
        "establishment_types": []
      }
    },
    {
      "restaurant": {
        "R": {
          "res_id": 16588139,
          "is_grocery_store": false,
          "has_menu_status": {
            "delivery": -1,
            "takeaway": -1
          }
        },
        "apikey": "c1d331ff7e4dcfb200d33fa7efb9b184",
        "id": "16588139",
        "name": "Local Crowd",
        "url": "https:\/\/www.zomato.com\/adelaide\/local-crowd-colonel-light-gardens?utm_source=api_basic_user&utm_medium=api&utm_campaign=v2.1",
        "location": {
          "address": "14 The Strand, Colonel Light Gardens, Adelaide Colonel Light Gardens",
          "locality": "The Strand, Colonel Light Gardens",
          "city": "Adelaide",
          "city_id": 297,
          "latitude": "-34.9859900000",
          "longitude": "138.5950720000",
          "zipcode": "5041",
          "country_id": 14,
          "locality_verbose": "The Strand, Colonel Light Gardens, Adelaide, SA"
        },
        "switch_to_order_menu": 0,
        "cuisines": "Coffee and Tea, Cafe Food",
        "timings": "7:30 AM to 3:30 PM (Mon-Sun)",
        "average_cost_for_two": 0,
        "price_range": 1,
        "currency": "$",
        "highlights": [
          "Takeaway Available",
          "Breakfast",
          "Lunch",
          "Cash",
          "Credit Card",
          "Debit Card",
          "Fullbar",
          "Indoor Seating",
          "Kid Friendly",
          "Outdoor Seating"
        ],
        "offers": [],
        "opentable_support": 0,
        "is_zomato_book_res": 0,
        "mezzo_provider": "OTHER",
        "is_book_form_web_view": 0,
        "book_form_web_view_url": "",
        "book_again_url": "",
        "thumb": "https:\/\/b.zmtcdn.com\/data\/res_imagery\/16588139_RESTAURANT_d4b76d412b581ae554786805fbd80698.jpg?fit=around%7C200%3A200&crop=200%3A200%3B%2A%2C%2A",
        "user_rating": {
          "aggregate_rating": "4.4",
          "rating_text": "Very Good",
          "rating_color": "5BA829",
          "rating_obj": {
            "title": {
              "text": "4.4"
            },
            "bg_color": {
              "type": "lime",
              "tint": "700"
            }
          },
          "votes": 276
        },
        "all_reviews_count": 106,
        "photos_url": "https:\/\/www.zomato.com\/adelaide\/local-crowd-colonel-light-gardens\/photos?utm_source=api_basic_user&utm_medium=api&utm_campaign=v2.1#tabtop",
        "photo_count": 38,
        "menu_url": "https:\/\/www.zomato.com\/adelaide\/local-crowd-colonel-light-gardens\/menu?utm_source=api_basic_user&utm_medium=api&utm_campaign=v2.1&openSwipeBox=menu&showMinimal=1#tabtop",
        "featured_image": "https:\/\/b.zmtcdn.com\/data\/res_imagery\/16588139_RESTAURANT_d4b76d412b581ae554786805fbd80698.jpg",
        "medio_provider": false,
        "has_online_delivery": 0,
        "is_delivering_now": 0,
        "store_type": "",
        "include_bogo_offers": true,
        "deeplink": "zomato:\/\/restaurant\/16588139",
        "is_table_reservation_supported": 0,
        "has_table_booking": 0,
        "events_url": "https:\/\/www.zomato.com\/adelaide\/local-crowd-colonel-light-gardens\/events#tabtop?utm_source=api_basic_user&utm_medium=api&utm_campaign=v2.1",
        "phone_numbers": "08 8177 0277",
        "all_reviews": {
          "reviews": [
            {
              "review": []
            },
            {
              "review": []
            },
            {
              "review": []
            },
            {
              "review": []
            },
            {
              "review": []
            }
          ]
        },
        "establishment": [
          "Caf\u00e9"
        ],
        "establishment_types": []
      }
    },
    {
      "restaurant": {
        "R": {
          "res_id": 18210356,
          "is_grocery_store": false,
          "has_menu_status": {
            "delivery": -1,
            "takeaway": -1
          }
        },
        "apikey": "c1d331ff7e4dcfb200d33fa7efb9b184",
        "id": "18210356",
        "name": "Himeji Ramen & Izakaya",
        "url": "https:\/\/www.zomato.com\/adelaide\/himeji-ramen-izakaya-city-centre?utm_source=api_basic_user&utm_medium=api&utm_campaign=v2.1",
        "location": {
          "address": "22-24 Grote Street, Adelaide, City Centre, Adelaide",
          "locality": "Grote Street, City Centre",
          "city": "Adelaide",
          "city_id": 297,
          "latitude": "-34.9284620000",
          "longitude": "138.5982300000",
          "zipcode": "5000",
          "country_id": 14,
          "locality_verbose": "Grote Street, City Centre, Adelaide, SA"
        },
        "switch_to_order_menu": 0,
        "cuisines": "Japanese",
        "timings": "5:30 PM to 9:30 PM (Mon, Tue, Wed, Thu, Sun), 11:45 AM to 2:45 PM, 5:30 PM to 10 PM (Fri),5:30 PM to 10 PM (Sat)",
        "average_cost_for_two": 80,
        "price_range": 3,
        "currency": "$",
        "highlights": [
          "Dinner",
          "Cash",
          "Debit Card",
          "Lunch",
          "Credit Card",
          "Fullbar",
          "Indoor Seating",
          "Vegetarian Friendly"
        ],
        "offers": [],
        "opentable_support": 0,
        "is_zomato_book_res": 0,
        "mezzo_provider": "OTHER",
        "is_book_form_web_view": 0,
        "book_form_web_view_url": "",
        "book_again_url": "",
        "thumb": "https:\/\/b.zmtcdn.com\/data\/res_imagery\/18210356_RESTAURANT_82a77ebb064bf2303884bec4d5062183.jpg?fit=around%7C200%3A200&crop=200%3A200%3B%2A%2C%2A",
        "user_rating": {
          "aggregate_rating": "3.8",
          "rating_text": "Good",
          "rating_color": "9ACD32",
          "rating_obj": {
            "title": {
              "text": "3.8"
            },
            "bg_color": {
              "type": "lime",
              "tint": "600"
            }
          },
          "votes": 161
        },
        "all_reviews_count": 89,
        "photos_url": "https:\/\/www.zomato.com\/adelaide\/himeji-ramen-izakaya-city-centre\/photos?utm_source=api_basic_user&utm_medium=api&utm_campaign=v2.1#tabtop",
        "photo_count": 185,
        "menu_url": "https:\/\/www.zomato.com\/adelaide\/himeji-ramen-izakaya-city-centre\/menu?utm_source=api_basic_user&utm_medium=api&utm_campaign=v2.1&openSwipeBox=menu&showMinimal=1#tabtop",
        "featured_image": "https:\/\/b.zmtcdn.com\/data\/res_imagery\/18210356_RESTAURANT_82a77ebb064bf2303884bec4d5062183.jpg",
        "medio_provider": false,
        "has_online_delivery": 0,
        "is_delivering_now": 0,
        "store_type": "",
        "include_bogo_offers": true,
        "deeplink": "zomato:\/\/restaurant\/18210356",
        "is_table_reservation_supported": 0,
        "has_table_booking": 0,
        "events_url": "https:\/\/www.zomato.com\/adelaide\/himeji-ramen-izakaya-city-centre\/events#tabtop?utm_source=api_basic_user&utm_medium=api&utm_campaign=v2.1",
        "phone_numbers": "08 8410 0102",
        "all_reviews": {
          "reviews": [
            {
              "review": []
            },
            {
              "review": []
            },
            {
              "review": []
            },
            {
              "review": []
            },
            {
              "review": []
            }
          ]
        },
        "establishment": [
          "Casual Dining"
        ],
        "establishment_types": []
      }
    },
    {
      "restaurant": {
        "R": {
          "res_id": 16587339,
          "is_grocery_store": false,
          "has_menu_status": {
            "delivery": -1,
            "takeaway": -1
          }
        },
        "apikey": "c1d331ff7e4dcfb200d33fa7efb9b184",
        "id": "16587339",
        "name": "Dumpling King",
        "url": "https:\/\/www.zomato.com\/adelaide\/dumpling-king-city-centre?utm_source=api_basic_user&utm_medium=api&utm_campaign=v2.1",
        "location": {
          "address": "95 Grote Street, Adelaide SA",
          "locality": "Grote Street, City Centre",
          "city": "Adelaide",
          "city_id": 297,
          "latitude": "-34.9295410000",
          "longitude": "138.5957470000",
          "zipcode": "5000",
          "country_id": 14,
          "locality_verbose": "Grote Street, City Centre, Adelaide, SA"
        },
        "switch_to_order_menu": 0,
        "cuisines": "Chinese",
        "timings": "10:30 AM to 9:30 PM",
        "average_cost_for_two": 40,
        "price_range": 2,
        "currency": "$",
        "highlights": [
          "Lunch",
          "Takeaway Available",
          "No Alcohol Available",
          "Dinner",
          "Cash",
          "Indoor Seating",
          "Street Parking",
          "Outdoor Seating",
          "Vegetarian Friendly"
        ],
        "offers": [],
        "opentable_support": 0,
        "is_zomato_book_res": 0,
        "mezzo_provider": "OTHER",
        "is_book_form_web_view": 0,
        "book_form_web_view_url": "",
        "book_again_url": "",
        "thumb": "https:\/\/b.zmtcdn.com\/data\/res_imagery\/16587339_CHAIN_2aef112391cf3965ca47262239d7f725_c.jpg?fit=around%7C200%3A200&crop=200%3A200%3B%2A%2C%2A",
        "user_rating": {
          "aggregate_rating": "4.0",
          "rating_text": "Very Good",
          "rating_color": "5BA829",
          "rating_obj": {
            "title": {
              "text": "4.0"
            },
            "bg_color": {
              "type": "lime",
              "tint": "600"
            }
          },
          "votes": 434
        },
        "all_reviews_count": 153,
        "photos_url": "https:\/\/www.zomato.com\/adelaide\/dumpling-king-city-centre\/photos?utm_source=api_basic_user&utm_medium=api&utm_campaign=v2.1#tabtop",
        "photo_count": 65,
        "menu_url": "https:\/\/www.zomato.com\/adelaide\/dumpling-king-city-centre\/menu?utm_source=api_basic_user&utm_medium=api&utm_campaign=v2.1&openSwipeBox=menu&showMinimal=1#tabtop",
        "featured_image": "https:\/\/b.zmtcdn.com\/data\/res_imagery\/16587339_CHAIN_2aef112391cf3965ca47262239d7f725_c.jpg?output-format=webp",
        "medio_provider": false,
        "has_online_delivery": 0,
        "is_delivering_now": 0,
        "store_type": "",
        "include_bogo_offers": true,
        "deeplink": "zomato:\/\/restaurant\/16587339",
        "is_table_reservation_supported": 0,
        "has_table_booking": 0,
        "events_url": "https:\/\/www.zomato.com\/adelaide\/dumpling-king-city-centre\/events#tabtop?utm_source=api_basic_user&utm_medium=api&utm_campaign=v2.1",
        "phone_numbers": "08 8212 1886",
        "all_reviews": {
          "reviews": [
            {
              "review": []
            },
            {
              "review": []
            },
            {
              "review": []
            },
            {
              "review": []
            },
            {
              "review": []
            }
          ]
        },
        "establishment": [
          "Casual Dining"
        ],
        "establishment_types": []
      }
    },
    {
      "restaurant": {
        "R": {
          "res_id": 16588770,
          "is_grocery_store": false,
          "has_menu_status": {
            "delivery": -1,
            "takeaway": -1
          }
        },
        "apikey": "c1d331ff7e4dcfb200d33fa7efb9b184",
        "id": "16588770",
        "name": "Low & Slow American BBQ",
        "url": "https:\/\/www.zomato.com\/adelaide\/low-slow-american-bbq-port-adelaide?utm_source=api_basic_user&utm_medium=api&utm_campaign=v2.1",
        "location": {
          "address": "17 Commercial Road, Port Adelaide, Adelaide",
          "locality": "Commercial Road, Port Adelaide",
          "city": "Adelaide",
          "city_id": 297,
          "latitude": "-34.8431895609",
          "longitude": "138.5047067329",
          "zipcode": "",
          "country_id": 14,
          "locality_verbose": "Commercial Road, Port Adelaide, Adelaide, SA"
        },
        "switch_to_order_menu": 0,
        "cuisines": "American, BBQ",
        "timings": "6 PM to 9 PM (Wed-Thu, Sat), 12 Noon to 2:30 PM, 6 PM to 9 PM (Fri, Sun), Mon & Tue Closed",
        "average_cost_for_two": 60,
        "price_range": 3,
        "currency": "$",
        "highlights": [
          "Credit Card",
          "Takeaway Available",
          "No Alcohol Available",
          "Dinner",
          "Indoor Seating",
          "Table booking recommended"
        ],
        "offers": [],
        "opentable_support": 0,
        "is_zomato_book_res": 0,
        "mezzo_provider": "OTHER",
        "is_book_form_web_view": 0,
        "book_form_web_view_url": "",
        "book_again_url": "",
        "thumb": "https:\/\/b.zmtcdn.com\/data\/res_imagery\/16588770_RESTAURANT_cba7d579e4c26d66647cfbbe178940c8_c.jpg?fit=around%7C200%3A200&crop=200%3A200%3B%2A%2C%2A",
        "user_rating": {
          "aggregate_rating": "4.1",
          "rating_text": "Very Good",
          "rating_color": "5BA829",
          "rating_obj": {
            "title": {
              "text": "4.1"
            },
            "bg_color": {
              "type": "lime",
              "tint": "700"
            }
          },
          "votes": 140
        },
        "all_reviews_count": 78,
        "photos_url": "https:\/\/www.zomato.com\/adelaide\/low-slow-american-bbq-port-adelaide\/photos?utm_source=api_basic_user&utm_medium=api&utm_campaign=v2.1#tabtop",
        "photo_count": 91,
        "menu_url": "https:\/\/www.zomato.com\/adelaide\/low-slow-american-bbq-port-adelaide\/menu?utm_source=api_basic_user&utm_medium=api&utm_campaign=v2.1&openSwipeBox=menu&showMinimal=1#tabtop",
        "featured_image": "https:\/\/b.zmtcdn.com\/data\/res_imagery\/16588770_RESTAURANT_cba7d579e4c26d66647cfbbe178940c8_c.jpg",
        "medio_provider": false,
        "has_online_delivery": 0,
        "is_delivering_now": 0,
        "store_type": "",
        "include_bogo_offers": true,
        "deeplink": "zomato:\/\/restaurant\/16588770",
        "is_table_reservation_supported": 0,
        "has_table_booking": 0,
        "events_url": "https:\/\/www.zomato.com\/adelaide\/low-slow-american-bbq-port-adelaide\/events#tabtop?utm_source=api_basic_user&utm_medium=api&utm_campaign=v2.1",
        "phone_numbers": "0402 589 722",
        "all_reviews": {
          "reviews": [
            {
              "review": []
            },
            {
              "review": []
            },
            {
              "review": []
            },
            {
              "review": []
            },
            {
              "review": []
            }
          ]
        },
        "establishment": [
          "Casual Dining"
        ],
        "establishment_types": []
      }
    },
    {
      "restaurant": {
        "R": {
          "res_id": 16588700,
          "is_grocery_store": false,
          "has_menu_status": {
            "delivery": -1,
            "takeaway": -1
          }
        },
        "apikey": "c1d331ff7e4dcfb200d33fa7efb9b184",
        "id": "16588700",
        "name": "Mrs Q",
        "url": "https:\/\/www.zomato.com\/adelaide\/mrs-q-city-centre?utm_source=api_basic_user&utm_medium=api&utm_campaign=v2.1",
        "location": {
          "address": "1\/128 Gouger Street, Adelaide, City Centre, Adelaide",
          "locality": "City Centre",
          "city": "Adelaide",
          "city_id": 297,
          "latitude": "-34.9303743000",
          "longitude": "138.5946191000",
          "zipcode": "5000",
          "country_id": 14,
          "locality_verbose": "City Centre"
        },
        "switch_to_order_menu": 0,
        "cuisines": "Seafood, Tapas",
        "timings": "Closed (Mon),5 PM to 10 PM (Tue, Wed, Thu, Sun), 5 PM to 12 Midnight (Fri-Sat)",
        "average_cost_for_two": 80,
        "price_range": 3,
        "currency": "$",
        "highlights": [
          "Takeaway Available",
          "Dinner",
          "Credit Card",
          "Lunch",
          "Fullbar",
          "Indoor Seating",
          "Nightlife",
          "Outdoor Seating"
        ],
        "offers": [],
        "opentable_support": 0,
        "is_zomato_book_res": 0,
        "mezzo_provider": "OTHER",
        "is_book_form_web_view": 0,
        "book_form_web_view_url": "",
        "book_again_url": "",
        "thumb": "",
        "user_rating": {
          "aggregate_rating": "4.0",
          "rating_text": "Very Good",
          "rating_color": "5BA829",
          "rating_obj": {
            "title": {
              "text": "4.0"
            },
            "bg_color": {
              "type": "lime",
              "tint": "600"
            }
          },
          "votes": 153
        },
        "all_reviews_count": 66,
        "photos_url": "https:\/\/www.zomato.com\/adelaide\/mrs-q-city-centre\/photos?utm_source=api_basic_user&utm_medium=api&utm_campaign=v2.1#tabtop",
        "photo_count": 141,
        "menu_url": "https:\/\/www.zomato.com\/adelaide\/mrs-q-city-centre\/menu?utm_source=api_basic_user&utm_medium=api&utm_campaign=v2.1&openSwipeBox=menu&showMinimal=1#tabtop",
        "featured_image": "",
        "medio_provider": false,
        "has_online_delivery": 0,
        "is_delivering_now": 0,
        "store_type": "",
        "include_bogo_offers": true,
        "deeplink": "zomato:\/\/restaurant\/16588700",
        "is_table_reservation_supported": 0,
        "has_table_booking": 0,
        "events_url": "https:\/\/www.zomato.com\/adelaide\/mrs-q-city-centre\/events#tabtop?utm_source=api_basic_user&utm_medium=api&utm_campaign=v2.1",
        "phone_numbers": "(08) 8211 8887",
        "all_reviews": {
          "reviews": [
            {
              "review": []
            },
            {
              "review": []
            },
            {
              "review": []
            },
            {
              "review": []
            },
            {
              "review": []
            }
          ]
        },
        "establishment": [
          "Casual Dining"
        ],
        "establishment_types": []
      }
    },
    {
      "restaurant": {
        "R": {
          "res_id": 16588531,
          "is_grocery_store": false,
          "has_menu_status": {
            "delivery": -1,
            "takeaway": -1
          }
        },
        "apikey": "c1d331ff7e4dcfb200d33fa7efb9b184",
        "id": "16588531",
        "name": "Two-Bit Villains",
        "url": "https:\/\/www.zomato.com\/adelaide\/two-bit-villains-city-centre?utm_source=api_basic_user&utm_medium=api&utm_campaign=v2.1",
        "location": {
          "address": "Shop 150, Balcony Level, Adelaide Arcade, Rundle Mall,  Adelaide",
          "locality": "Rundle Mall, City Centre",
          "city": "Adelaide",
          "city_id": 297,
          "latitude": "-34.9228661179",
          "longitude": "138.6038586125",
          "zipcode": "5000",
          "country_id": 14,
          "locality_verbose": "Rundle Mall, City Centre, Adelaide, SA"
        },
        "switch_to_order_menu": 0,
        "cuisines": "American, Vegetarian",
        "timings": "Closed (Mon),11:30 AM to 4 PM (Tue, Sun), 11:30 AM to 4 PM, 5:30 PM to 9:30 PM (Wed, Thu, Sat), 11:30 AM to 4 PM, 5:30 PM to 10:30 PM (Fri)",
        "average_cost_for_two": 60,
        "price_range": 3,
        "currency": "$",
        "highlights": [
          "Credit Card",
          "Dinner",
          "Lunch",
          "Gluten Free Options",
          "Vegetarian Friendly",
          "Indoor Seating",
          "Vegan Options"
        ],
        "offers": [],
        "opentable_support": 0,
        "is_zomato_book_res": 0,
        "mezzo_provider": "OTHER",
        "is_book_form_web_view": 0,
        "book_form_web_view_url": "",
        "book_again_url": "",
        "thumb": "https:\/\/b.zmtcdn.com\/data\/res_imagery\/16588531_RESTAURANT_7982a82aa515e63d8114a06017011342.jpg?fit=around%7C200%3A200&crop=200%3A200%3B%2A%2C%2A",
        "user_rating": {
          "aggregate_rating": "3.9",
          "rating_text": "Good",
          "rating_color": "9ACD32",
          "rating_obj": {
            "title": {
              "text": "3.9"
            },
            "bg_color": {
              "type": "lime",
              "tint": "600"
            }
          },
          "votes": 184
        },
        "all_reviews_count": 97,
        "photos_url": "https:\/\/www.zomato.com\/adelaide\/two-bit-villains-city-centre\/photos?utm_source=api_basic_user&utm_medium=api&utm_campaign=v2.1#tabtop",
        "photo_count": 118,
        "menu_url": "https:\/\/www.zomato.com\/adelaide\/two-bit-villains-city-centre\/menu?utm_source=api_basic_user&utm_medium=api&utm_campaign=v2.1&openSwipeBox=menu&showMinimal=1#tabtop",
        "featured_image": "https:\/\/b.zmtcdn.com\/data\/res_imagery\/16588531_RESTAURANT_7982a82aa515e63d8114a06017011342.jpg",
        "medio_provider": false,
        "has_online_delivery": 0,
        "is_delivering_now": 0,
        "store_type": "",
        "include_bogo_offers": true,
        "deeplink": "zomato:\/\/restaurant\/16588531",
        "is_table_reservation_supported": 0,
        "has_table_booking": 0,
        "events_url": "https:\/\/www.zomato.com\/adelaide\/two-bit-villains-city-centre\/events#tabtop?utm_source=api_basic_user&utm_medium=api&utm_campaign=v2.1",
        "phone_numbers": "08 8232 1302",
        "all_reviews": {
          "reviews": [
            {
              "review": []
            },
            {
              "review": []
            },
            {
              "review": []
            },
            {
              "review": []
            },
            {
              "review": []
            }
          ]
        },
        "establishment": [
          "Casual Dining"
        ],
        "establishment_types": []
      }
    },
    {
      "restaurant": {
        "R": {
          "res_id": 16588832,
          "is_grocery_store": false,
          "has_menu_status": {
            "delivery": -1,
            "takeaway": -1
          }
        },
        "apikey": "c1d331ff7e4dcfb200d33fa7efb9b184",
        "id": "16588832",
        "name": "Sushi Bar Genki",
        "url": "https:\/\/www.zomato.com\/adelaide\/sushi-bar-genki-city-centre?utm_source=api_basic_user&utm_medium=api&utm_campaign=v2.1",
        "location": {
          "address": "163 Gouger Street, Adelaide",
          "locality": "Gouger Street, City Centre",
          "city": "Adelaide",
          "city_id": 297,
          "latitude": "-34.9305694444",
          "longitude": "138.5930777778",
          "zipcode": "5000",
          "country_id": 14,
          "locality_verbose": "Gouger Street, City Centre, Adelaide, SA"
        },
        "switch_to_order_menu": 0,
        "cuisines": "Japanese, Sushi",
        "timings": "12 Noon to 9:30 PM (Mon, Tue, Wed, Thu, Sun), 12 Noon to 10 PM (Fri-Sat)",
        "average_cost_for_two": 35,
        "price_range": 2,
        "currency": "$",
        "highlights": [
          "Takeaway Available",
          "Dinner",
          "Credit Card",
          "Lunch",
          "Vegan Options",
          "Lunch Menu",
          "Kid Friendly",
          "Wheelchair Accessible",
          "Gluten Free Options",
          "Vegetarian Friendly",
          "Indoor Seating"
        ],
        "offers": [],
        "opentable_support": 0,
        "is_zomato_book_res": 0,
        "mezzo_provider": "OTHER",
        "is_book_form_web_view": 0,
        "book_form_web_view_url": "",
        "book_again_url": "",
        "thumb": "https:\/\/b.zmtcdn.com\/data\/res_imagery\/16588832_RESTAURANT_aacaeb8194e50a9266c3bb00963d4a63.jpg?fit=around%7C200%3A200&crop=200%3A200%3B%2A%2C%2A",
        "user_rating": {
          "aggregate_rating": "4.4",
          "rating_text": "Very Good",
          "rating_color": "5BA829",
          "rating_obj": {
            "title": {
              "text": "4.4"
            },
            "bg_color": {
              "type": "lime",
              "tint": "700"
            }
          },
          "votes": 187
        },
        "all_reviews_count": 76,
        "photos_url": "https:\/\/www.zomato.com\/adelaide\/sushi-bar-genki-city-centre\/photos?utm_source=api_basic_user&utm_medium=api&utm_campaign=v2.1#tabtop",
        "photo_count": 104,
        "menu_url": "https:\/\/www.zomato.com\/adelaide\/sushi-bar-genki-city-centre\/menu?utm_source=api_basic_user&utm_medium=api&utm_campaign=v2.1&openSwipeBox=menu&showMinimal=1#tabtop",
        "featured_image": "https:\/\/b.zmtcdn.com\/data\/res_imagery\/16588832_RESTAURANT_aacaeb8194e50a9266c3bb00963d4a63.jpg",
        "medio_provider": false,
        "has_online_delivery": 0,
        "is_delivering_now": 0,
        "store_type": "",
        "include_bogo_offers": true,
        "deeplink": "zomato:\/\/restaurant\/16588832",
        "is_table_reservation_supported": 0,
        "has_table_booking": 0,
        "events_url": "https:\/\/www.zomato.com\/adelaide\/sushi-bar-genki-city-centre\/events#tabtop?utm_source=api_basic_user&utm_medium=api&utm_campaign=v2.1",
        "phone_numbers": "(08) 8211 9848",
        "all_reviews": {
          "reviews": [
            {
              "review": []
            },
            {
              "review": []
            },
            {
              "review": []
            },
            {
              "review": []
            },
            {
              "review": []
            }
          ]
        },
        "establishment": [
          "Casual Dining"
        ],
        "establishment_types": []
      }
    },
    {
      "restaurant": {
        "R": {
          "res_id": 16588523,
          "is_grocery_store": false,
          "has_menu_status": {
            "delivery": -1,
            "takeaway": -1
          }
        },
        "apikey": "c1d331ff7e4dcfb200d33fa7efb9b184",
        "id": "16588523",
        "name": "PUBLIC",
        "url": "https:\/\/www.zomato.com\/adelaide\/public-city-centre?utm_source=api_basic_user&utm_medium=api&utm_campaign=v2.1",
        "location": {
          "address": "12 Franklin Street, Adelaide, City Centre, Adelaide",
          "locality": "City Centre",
          "city": "Adelaide",
          "city_id": 297,
          "latitude": "-34.9272269000",
          "longitude": "138.5984562000",
          "zipcode": "5000",
          "country_id": 14,
          "locality_verbose": "City Centre"
        },
        "switch_to_order_menu": 0,
        "cuisines": "Modern Australian",
        "timings": "7 AM to 5 PM (Mon-Thu),7 AM to 10 PM (Fri),8 AM to 2 PM (Sat),Closed (Sun)",
        "average_cost_for_two": 105,
        "price_range": 4,
        "currency": "$",
        "highlights": [
          "Credit Card",
          "Takeaway Available",
          "Breakfast",
          "Lunch",
          "Indoor Seating",
          "Wifi",
          "Gluten Free Options",
          "Vegetarian Friendly",
          "Fullbar",
          "Outdoor Seating",
          "Wheelchair Accessible",
          "Vegan Options"
        ],
        "offers": [],
        "opentable_support": 0,
        "is_zomato_book_res": 0,
        "mezzo_provider": "OTHER",
        "is_book_form_web_view": 0,
        "book_form_web_view_url": "",
        "book_again_url": "",
        "thumb": "https:\/\/b.zmtcdn.com\/data\/res_imagery\/16588523_RESTAURANT_16ea06a80b5edcac7074416271f3a129.JPG?fit=around%7C200%3A200&crop=200%3A200%3B%2A%2C%2A",
        "user_rating": {
          "aggregate_rating": "4.0",
          "rating_text": "Very Good",
          "rating_color": "5BA829",
          "rating_obj": {
            "title": {
              "text": "4.0"
            },
            "bg_color": {
              "type": "lime",
              "tint": "600"
            }
          },
          "votes": 166
        },
        "all_reviews_count": 72,
        "photos_url": "https:\/\/www.zomato.com\/adelaide\/public-city-centre\/photos?utm_source=api_basic_user&utm_medium=api&utm_campaign=v2.1#tabtop",
        "photo_count": 150,
        "menu_url": "https:\/\/www.zomato.com\/adelaide\/public-city-centre\/menu?utm_source=api_basic_user&utm_medium=api&utm_campaign=v2.1&openSwipeBox=menu&showMinimal=1#tabtop",
        "featured_image": "https:\/\/b.zmtcdn.com\/data\/res_imagery\/16588523_RESTAURANT_16ea06a80b5edcac7074416271f3a129.JPG",
        "medio_provider": false,
        "has_online_delivery": 0,
        "is_delivering_now": 0,
        "store_type": "",
        "include_bogo_offers": true,
        "deeplink": "zomato:\/\/restaurant\/16588523",
        "is_table_reservation_supported": 0,
        "has_table_booking": 0,
        "events_url": "https:\/\/www.zomato.com\/adelaide\/public-city-centre\/events#tabtop?utm_source=api_basic_user&utm_medium=api&utm_campaign=v2.1",
        "phone_numbers": "(08) 8231 8151",
        "all_reviews": {
          "reviews": [
            {
              "review": []
            },
            {
              "review": []
            },
            {
              "review": []
            },
            {
              "review": []
            },
            {
              "review": []
            }
          ]
        },
        "establishment": [
          "Casual Dining"
        ],
        "establishment_types": []
      }
    },
    {
      "restaurant": {
        "R": {
          "res_id": 16608070,
          "is_grocery_store": false,
          "has_menu_status": {
            "delivery": -1,
            "takeaway": -1
          }
        },
        "apikey": "c1d331ff7e4dcfb200d33fa7efb9b184",
        "id": "16608070",
        "name": "d'Arry's Verandah Restaurant",
        "url": "https:\/\/www.zomato.com\/adelaide\/darrys-verandah-restaurant-mclaren-vale?utm_source=api_basic_user&utm_medium=api&utm_campaign=v2.1",
        "location": {
          "address": "Osborn Rd, McLaren Vale",
          "locality": "McLaren Vale",
          "city": "Adelaide",
          "city_id": 297,
          "latitude": "-35.1983720000",
          "longitude": "138.5452420000",
          "zipcode": "5171",
          "country_id": 14,
          "locality_verbose": "McLaren Vale"
        },
        "switch_to_order_menu": 0,
        "cuisines": "Modern Australian, Australian",
        "timings": "Lunch (Sun, Mon, Tue, Wed, Thu, Fri, Sat)",
        "average_cost_for_two": 25000017,
        "price_range": 1,
        "currency": "$",
        "highlights": [
          "Dinner",
          "Lunch",
          "Outdoor Seating",
          "Wifi",
          "Vegan Options",
          "Table booking recommended",
          "Gluten Free Options"
        ],
        "offers": [],
        "opentable_support": 0,
        "is_zomato_book_res": 0,
        "mezzo_provider": "OTHER",
        "is_book_form_web_view": 0,
        "book_form_web_view_url": "",
        "book_again_url": "",
        "thumb": "",
        "user_rating": {
          "aggregate_rating": "4.6",
          "rating_text": "Excellent",
          "rating_color": "3F7E00",
          "rating_obj": {
            "title": {
              "text": "4.6"
            },
            "bg_color": {
              "type": "lime",
              "tint": "800"
            }
          },
          "votes": 205
        },
        "all_reviews_count": 90,
        "photos_url": "https:\/\/www.zomato.com\/adelaide\/darrys-verandah-restaurant-mclaren-vale\/photos?utm_source=api_basic_user&utm_medium=api&utm_campaign=v2.1#tabtop",
        "photo_count": 169,
        "menu_url": "https:\/\/www.zomato.com\/adelaide\/darrys-verandah-restaurant-mclaren-vale\/menu?utm_source=api_basic_user&utm_medium=api&utm_campaign=v2.1&openSwipeBox=menu&showMinimal=1#tabtop",
        "featured_image": "",
        "medio_provider": false,
        "has_online_delivery": 0,
        "is_delivering_now": 0,
        "store_type": "",
        "include_bogo_offers": true,
        "deeplink": "zomato:\/\/restaurant\/16608070",
        "is_table_reservation_supported": 0,
        "has_table_booking": 0,
        "events_url": "https:\/\/www.zomato.com\/adelaide\/darrys-verandah-restaurant-mclaren-vale\/events#tabtop?utm_source=api_basic_user&utm_medium=api&utm_campaign=v2.1",
        "phone_numbers": "(08) 8329 4848",
        "all_reviews": {
          "reviews": [
            {
              "review": []
            },
            {
              "review": []
            },
            {
              "review": []
            },
            {
              "review": []
            },
            {
              "review": []
            }
          ]
        },
        "establishment": [],
        "establishment_types": []
      }
    },
    {
      "restaurant": {
        "R": {
          "res_id": 16588489,
          "is_grocery_store": false,
          "has_menu_status": {
            "delivery": -1,
            "takeaway": -1
          }
        },
        "apikey": "c1d331ff7e4dcfb200d33fa7efb9b184",
        "id": "16588489",
        "name": "Astonish Patisserie",
        "url": "https:\/\/www.zomato.com\/adelaide\/astonish-patisserie-city-centre?utm_source=api_basic_user&utm_medium=api&utm_campaign=v2.1",
        "location": {
          "address": "393 King William Street, Adelaide",
          "locality": "King William Street, City Centre",
          "city": "Adelaide",
          "city_id": 297,
          "latitude": "-34.9340361111",
          "longitude": "138.6004027778",
          "zipcode": "5000",
          "country_id": 14,
          "locality_verbose": "King William Street, City Centre, Adelaide, SA"
        },
        "switch_to_order_menu": 0,
        "cuisines": "Desserts, French, Cafe Food",
        "timings": "Closed (Mon),11 AM to 2:30 PM, 5:30 PM to 11 PM (Tue, Wed, Thu, Sun), 11 AM to 2:30 PM, 5:30 PM to 12 Midnight (Fri-Sat)",
        "average_cost_for_two": 40,
        "price_range": 2,
        "currency": "$",
        "highlights": [
          "Credit Card",
          "Takeaway Available",
          "Indoor Seating",
          "Vegan Options",
          "Desserts and Bakes",
          "Outdoor Seating",
          "Kid Friendly",
          "Wifi",
          "Gluten Free Options",
          "Vegetarian Friendly",
          "Fullbar"
        ],
        "offers": [],
        "opentable_support": 0,
        "is_zomato_book_res": 0,
        "mezzo_provider": "OTHER",
        "is_book_form_web_view": 0,
        "book_form_web_view_url": "",
        "book_again_url": "",
        "thumb": "https:\/\/b.zmtcdn.com\/data\/res_imagery\/16588489_RESTAURANT_588b523f295921bb810753c91952cf6a_c.jpg?fit=around%7C200%3A200&crop=200%3A200%3B%2A%2C%2A",
        "user_rating": {
          "aggregate_rating": "3.7",
          "rating_text": "Good",
          "rating_color": "9ACD32",
          "rating_obj": {
            "title": {
              "text": "3.7"
            },
            "bg_color": {
              "type": "lime",
              "tint": "600"
            }
          },
          "votes": 229
        },
        "all_reviews_count": 105,
        "photos_url": "https:\/\/www.zomato.com\/adelaide\/astonish-patisserie-city-centre\/photos?utm_source=api_basic_user&utm_medium=api&utm_campaign=v2.1#tabtop",
        "photo_count": 146,
        "menu_url": "https:\/\/www.zomato.com\/adelaide\/astonish-patisserie-city-centre\/menu?utm_source=api_basic_user&utm_medium=api&utm_campaign=v2.1&openSwipeBox=menu&showMinimal=1#tabtop",
        "featured_image": "https:\/\/b.zmtcdn.com\/data\/res_imagery\/16588489_RESTAURANT_588b523f295921bb810753c91952cf6a_c.jpg",
        "medio_provider": false,
        "has_online_delivery": 0,
        "is_delivering_now": 0,
        "store_type": "",
        "include_bogo_offers": true,
        "deeplink": "zomato:\/\/restaurant\/16588489",
        "is_table_reservation_supported": 0,
        "has_table_booking": 0,
        "events_url": "https:\/\/www.zomato.com\/adelaide\/astonish-patisserie-city-centre\/events#tabtop?utm_source=api_basic_user&utm_medium=api&utm_campaign=v2.1",
        "phone_numbers": "(08) 8123 4646",
        "all_reviews": {
          "reviews": [
            {
              "review": []
            },
            {
              "review": []
            },
            {
              "review": []
            },
            {
              "review": []
            },
            {
              "review": []
            }
          ]
        },
        "establishment": [
          "Dessert Parlour"
        ],
        "establishment_types": []
      }
    },
    {
      "restaurant": {
        "R": {
          "res_id": 16588838,
          "is_grocery_store": false,
          "has_menu_status": {
            "delivery": -1,
            "takeaway": -1
          }
        },
        "apikey": "c1d331ff7e4dcfb200d33fa7efb9b184",
        "id": "16588838",
        "name": "Exchange Specialty Coffee",
        "url": "https:\/\/www.zomato.com\/adelaide\/exchange-specialty-coffee-city-centre?utm_source=api_basic_user&utm_medium=api&utm_campaign=v2.1",
        "location": {
          "address": "Shops 1 & 2, 12-18 Vardon Avenue, City Centre, Adelaide",
          "locality": "City Centre",
          "city": "Adelaide",
          "city_id": 297,
          "latitude": "-34.9229166667",
          "longitude": "138.6097861111",
          "zipcode": "5000",
          "country_id": 14,
          "locality_verbose": "City Centre"
        },
        "switch_to_order_menu": 0,
        "cuisines": "Sandwich, Cafe Food",
        "timings": "7 AM to 5 PM (Mon-Fri),8 AM to 3 PM (Sat),9 AM to 4 PM (Sun)",
        "average_cost_for_two": 50,
        "price_range": 2,
        "currency": "$",
        "highlights": [
          "Credit Card",
          "Takeaway Available",
          "Lunch",
          "Breakfast",
          "Outdoor Seating"
        ],
        "offers": [],
        "opentable_support": 0,
        "is_zomato_book_res": 0,
        "mezzo_provider": "OTHER",
        "is_book_form_web_view": 0,
        "book_form_web_view_url": "",
        "book_again_url": "",
        "thumb": "https:\/\/b.zmtcdn.com\/data\/res_imagery\/16588838_RESTAURANT_6fe5b0b5a0f60fea96e6fbe7a31ae957.jpg?fit=around%7C200%3A200&crop=200%3A200%3B%2A%2C%2A",
        "user_rating": {
          "aggregate_rating": "4.2",
          "rating_text": "Very Good",
          "rating_color": "5BA829",
          "rating_obj": {
            "title": {
              "text": "4.2"
            },
            "bg_color": {
              "type": "lime",
              "tint": "700"
            }
          },
          "votes": 159
        },
        "all_reviews_count": 70,
        "photos_url": "https:\/\/www.zomato.com\/adelaide\/exchange-specialty-coffee-city-centre\/photos?utm_source=api_basic_user&utm_medium=api&utm_campaign=v2.1#tabtop",
        "photo_count": 87,
        "menu_url": "https:\/\/www.zomato.com\/adelaide\/exchange-specialty-coffee-city-centre\/menu?utm_source=api_basic_user&utm_medium=api&utm_campaign=v2.1&openSwipeBox=menu&showMinimal=1#tabtop",
        "featured_image": "https:\/\/b.zmtcdn.com\/data\/res_imagery\/16588838_RESTAURANT_6fe5b0b5a0f60fea96e6fbe7a31ae957.jpg",
        "medio_provider": false,
        "has_online_delivery": 0,
        "is_delivering_now": 0,
        "store_type": "",
        "include_bogo_offers": true,
        "deeplink": "zomato:\/\/restaurant\/16588838",
        "is_table_reservation_supported": 0,
        "has_table_booking": 0,
        "events_url": "https:\/\/www.zomato.com\/adelaide\/exchange-specialty-coffee-city-centre\/events#tabtop?utm_source=api_basic_user&utm_medium=api&utm_campaign=v2.1",
        "phone_numbers": "0415 966 225",
        "all_reviews": {
          "reviews": [
            {
              "review": []
            },
            {
              "review": []
            },
            {
              "review": []
            },
            {
              "review": []
            },
            {
              "review": []
            }
          ]
        },
        "establishment": [
          "Caf\u00e9"
        ],
        "establishment_types": []
      }
    },
    {
      "restaurant": {
        "R": {
          "res_id": 16588162,
          "is_grocery_store": false,
          "has_menu_status": {
            "delivery": -1,
            "takeaway": -1
          }
        },
        "apikey": "c1d331ff7e4dcfb200d33fa7efb9b184",
        "id": "16588162",
        "name": "Etica : Ethical Pizzeria e Mozzarella Bar",
        "url": "https:\/\/www.zomato.com\/adelaide\/etica-ethical-pizzeria-e-mozzarella-bar-city-centre?utm_source=api_basic_user&utm_medium=api&utm_campaign=v2.1",
        "location": {
          "address": "125 Gilles Street, Adelaide",
          "locality": "Gilles Street, City Centre",
          "city": "Adelaide",
          "city_id": 297,
          "latitude": "-34.9341731070",
          "longitude": "138.6047299951",
          "zipcode": "5000",
          "country_id": 14,
          "locality_verbose": "Gilles Street, City Centre, Adelaide, SA"
        },
        "switch_to_order_menu": 0,
        "cuisines": "Italian, Pizza",
        "timings": "Closed (Mon-Tue),6 PM to 9:30 PM (Wed-Thu),5:30 PM to 9:30 PM (Fri-Sun)",
        "average_cost_for_two": 100,
        "price_range": 4,
        "currency": "$",
        "highlights": [
          "Dinner",
          "Credit Card",
          "Lunch",
          "Vegan Options",
          "Fullbar",
          "Indoor Seating",
          "Gluten Free Options",
          "Vegetarian Friendly",
          "Outdoor Seating"
        ],
        "offers": [],
        "opentable_support": 0,
        "is_zomato_book_res": 0,
        "mezzo_provider": "OTHER",
        "is_book_form_web_view": 0,
        "book_form_web_view_url": "",
        "book_again_url": "",
        "thumb": "https:\/\/b.zmtcdn.com\/data\/res_imagery\/16588162_RESTAURANT_35ae39fd0501ad49f0360f24b53fbb63.jpg?fit=around%7C200%3A200&crop=200%3A200%3B%2A%2C%2A",
        "user_rating": {
          "aggregate_rating": "3.9",
          "rating_text": "Good",
          "rating_color": "9ACD32",
          "rating_obj": {
            "title": {
              "text": "3.9"
            },
            "bg_color": {
              "type": "lime",
              "tint": "600"
            }
          },
          "votes": 329
        },
        "all_reviews_count": 157,
        "photos_url": "https:\/\/www.zomato.com\/adelaide\/etica-ethical-pizzeria-e-mozzarella-bar-city-centre\/photos?utm_source=api_basic_user&utm_medium=api&utm_campaign=v2.1#tabtop",
        "photo_count": 39,
        "menu_url": "https:\/\/www.zomato.com\/adelaide\/etica-ethical-pizzeria-e-mozzarella-bar-city-centre\/menu?utm_source=api_basic_user&utm_medium=api&utm_campaign=v2.1&openSwipeBox=menu&showMinimal=1#tabtop",
        "featured_image": "https:\/\/b.zmtcdn.com\/data\/res_imagery\/16588162_RESTAURANT_35ae39fd0501ad49f0360f24b53fbb63.jpg?output-format=webp",
        "medio_provider": false,
        "has_online_delivery": 0,
        "is_delivering_now": 0,
        "store_type": "",
        "include_bogo_offers": true,
        "deeplink": "zomato:\/\/restaurant\/16588162",
        "is_table_reservation_supported": 0,
        "has_table_booking": 0,
        "events_url": "https:\/\/www.zomato.com\/adelaide\/etica-ethical-pizzeria-e-mozzarella-bar-city-centre\/events#tabtop?utm_source=api_basic_user&utm_medium=api&utm_campaign=v2.1",
        "phone_numbers": "(08) 8223 6928",
        "all_reviews": {
          "reviews": [
            {
              "review": []
            },
            {
              "review": []
            },
            {
              "review": []
            },
            {
              "review": []
            },
            {
              "review": []
            }
          ]
        },
        "establishment": [
          "Casual Dining"
        ],
        "establishment_types": []
      }
    },
    {
      "restaurant": {
        "R": {
          "res_id": 16587382,
          "is_grocery_store": false,
          "has_menu_status": {
            "delivery": -1,
            "takeaway": -1
          }
        },
        "apikey": "c1d331ff7e4dcfb200d33fa7efb9b184",
        "id": "16587382",
        "name": "Sabai Cafe",
        "url": "https:\/\/www.zomato.com\/adelaide\/sabai-cafe-glenelg-south?utm_source=api_basic_user&utm_medium=api&utm_campaign=v2.1",
        "location": {
          "address": "105 Partridge Street, Glenelg South",
          "locality": "Glenelg South",
          "city": "Adelaide",
          "city_id": 297,
          "latitude": "-34.9906272649",
          "longitude": "138.5184621066",
          "zipcode": "5045",
          "country_id": 14,
          "locality_verbose": "Glenelg South"
        },
        "switch_to_order_menu": 0,
        "cuisines": "Thai, Coffee and Tea, Cafe Food",
        "timings": "8 AM to 4 PM (Mon, Tue, Sun), 8 AM to 8:30 PM (Wed-Sat)",
        "average_cost_for_two": 50,
        "price_range": 2,
        "currency": "$",
        "highlights": [
          "Breakfast",
          "Lunch",
          "Cash",
          "Debit Card",
          "Takeaway Available",
          "No Alcohol Available",
          "Dinner",
          "Credit Card",
          "Indoor Seating",
          "Vegan Options",
          "Vegetarian Friendly",
          "Outdoor Seating",
          "Wheelchair Accessible",
          "Gluten Free Options"
        ],
        "offers": [],
        "opentable_support": 0,
        "is_zomato_book_res": 0,
        "mezzo_provider": "OTHER",
        "is_book_form_web_view": 0,
        "book_form_web_view_url": "",
        "book_again_url": "",
        "thumb": "https:\/\/b.zmtcdn.com\/data\/res_imagery\/16587382_RESTAURANT_43fe5f9804e3b66344a9cfcf42b2116a.jpg?fit=around%7C200%3A200&crop=200%3A200%3B%2A%2C%2A",
        "user_rating": {
          "aggregate_rating": "4.3",
          "rating_text": "Very Good",
          "rating_color": "5BA829",
          "rating_obj": {
            "title": {
              "text": "4.3"
            },
            "bg_color": {
              "type": "lime",
              "tint": "700"
            }
          },
          "votes": 198
        },
        "all_reviews_count": 62,
        "photos_url": "https:\/\/www.zomato.com\/adelaide\/sabai-cafe-glenelg-south\/photos?utm_source=api_basic_user&utm_medium=api&utm_campaign=v2.1#tabtop",
        "photo_count": 34,
        "menu_url": "https:\/\/www.zomato.com\/adelaide\/sabai-cafe-glenelg-south\/menu?utm_source=api_basic_user&utm_medium=api&utm_campaign=v2.1&openSwipeBox=menu&showMinimal=1#tabtop",
        "featured_image": "https:\/\/b.zmtcdn.com\/data\/res_imagery\/16587382_RESTAURANT_43fe5f9804e3b66344a9cfcf42b2116a.jpg",
        "medio_provider": false,
        "has_online_delivery": 0,
        "is_delivering_now": 0,
        "store_type": "",
        "include_bogo_offers": true,
        "deeplink": "zomato:\/\/restaurant\/16587382",
        "is_table_reservation_supported": 0,
        "has_table_booking": 0,
        "events_url": "https:\/\/www.zomato.com\/adelaide\/sabai-cafe-glenelg-south\/events#tabtop?utm_source=api_basic_user&utm_medium=api&utm_campaign=v2.1",
        "phone_numbers": "(08) 8295 8808",
        "all_reviews": {
          "reviews": [
            {
              "review": []
            },
            {
              "review": []
            },
            {
              "review": []
            },
            {
              "review": []
            },
            {
              "review": []
            }
          ]
        },
        "establishment": [
          "Caf\u00e9"
        ],
        "establishment_types": []
      }
    },
    {
      "restaurant": {
        "R": {
          "res_id": 16589721,
          "is_grocery_store": false,
          "has_menu_status": {
            "delivery": -1,
            "takeaway": -1
          }
        },
        "apikey": "c1d331ff7e4dcfb200d33fa7efb9b184",
        "id": "16589721",
        "name": "Sushi Planet",
        "url": "https:\/\/www.zomato.com\/adelaide\/sushi-planet-city-centre?utm_source=api_basic_user&utm_medium=api&utm_campaign=v2.1",
        "location": {
          "address": "60 West Terrace, City Centre, Adelaide",
          "locality": "City Centre",
          "city": "Adelaide",
          "city_id": 297,
          "latitude": "-34.9263277778",
          "longitude": "138.5878444444",
          "zipcode": "5000",
          "country_id": 14,
          "locality_verbose": "City Centre"
        },
        "switch_to_order_menu": 0,
        "cuisines": "Sushi, Japanese",
        "timings": "11:30 AM to 9:30 PM (Mon, Tue, Wed, Thu, Sun), 11:30 AM to 10:30 PM (Fri-Sat)",
        "average_cost_for_two": 50,
        "price_range": 2,
        "currency": "$",
        "highlights": [
          "Dinner",
          "Cash",
          "Debit Card",
          "Lunch",
          "Credit Card",
          "Takeaway Available",
          "Gluten Free Options",
          "Vegetarian Friendly",
          "Fullbar",
          "Indoor Seating",
          "Wheelchair Accessible",
          "Vegan Options",
          "Lunch Menu",
          "Outdoor Seating",
          "Kid Friendly",
          "Smoking Area",
          "Wifi"
        ],
        "offers": [],
        "opentable_support": 0,
        "is_zomato_book_res": 0,
        "mezzo_provider": "OTHER",
        "is_book_form_web_view": 0,
        "book_form_web_view_url": "",
        "book_again_url": "",
        "thumb": "https:\/\/b.zmtcdn.com\/data\/res_imagery\/16589721_RESTAURANT_a685b3a32cd6bc483b7772d07cf6f154_c.jpg?fit=around%7C200%3A200&crop=200%3A200%3B%2A%2C%2A",
        "user_rating": {
          "aggregate_rating": "3.9",
          "rating_text": "Good",
          "rating_color": "9ACD32",
          "rating_obj": {
            "title": {
              "text": "3.9"
            },
            "bg_color": {
              "type": "lime",
              "tint": "600"
            }
          },
          "votes": 165
        },
        "all_reviews_count": 97,
        "photos_url": "https:\/\/www.zomato.com\/adelaide\/sushi-planet-city-centre\/photos?utm_source=api_basic_user&utm_medium=api&utm_campaign=v2.1#tabtop",
        "photo_count": 228,
        "menu_url": "https:\/\/www.zomato.com\/adelaide\/sushi-planet-city-centre\/menu?utm_source=api_basic_user&utm_medium=api&utm_campaign=v2.1&openSwipeBox=menu&showMinimal=1#tabtop",
        "featured_image": "https:\/\/b.zmtcdn.com\/data\/res_imagery\/16589721_RESTAURANT_a685b3a32cd6bc483b7772d07cf6f154_c.jpg",
        "medio_provider": false,
        "has_online_delivery": 0,
        "is_delivering_now": 0,
        "store_type": "",
        "include_bogo_offers": true,
        "deeplink": "zomato:\/\/restaurant\/16589721",
        "is_table_reservation_supported": 0,
        "has_table_booking": 0,
        "events_url": "https:\/\/www.zomato.com\/adelaide\/sushi-planet-city-centre\/events#tabtop?utm_source=api_basic_user&utm_medium=api&utm_campaign=v2.1",
        "phone_numbers": "1800 787 447",
        "all_reviews": {
          "reviews": [
            {
              "review": []
            },
            {
              "review": []
            },
            {
              "review": []
            },
            {
              "review": []
            },
            {
              "review": []
            }
          ]
        },
        "establishment": [
          "Casual Dining"
        ],
        "establishment_types": []
      }
    },
    {
      "restaurant": {
        "R": {
          "res_id": 16589711,
          "is_grocery_store": false,
          "has_menu_status": {
            "delivery": -1,
            "takeaway": -1
          }
        },
        "apikey": "c1d331ff7e4dcfb200d33fa7efb9b184",
        "id": "16589711",
        "name": "Pickle in the Middle",
        "url": "https:\/\/www.zomato.com\/adelaide\/pickle-in-the-middle-unley?utm_source=api_basic_user&utm_medium=api&utm_campaign=v2.1",
        "location": {
          "address": "134 Unley Road, Unley",
          "locality": "Unley Road, Unley",
          "city": "Adelaide",
          "city_id": 297,
          "latitude": "-34.9480537000",
          "longitude": "138.6072772000",
          "zipcode": "5061",
          "country_id": 14,
          "locality_verbose": "Unley Road, Unley, Adelaide, SA"
        },
        "switch_to_order_menu": 0,
        "cuisines": "Coffee and Tea, Cafe Food",
        "timings": "8 AM to 4 PM (Mon-Sun)",
        "average_cost_for_two": 40,
        "price_range": 2,
        "currency": "$",
        "highlights": [
          "Cash",
          "Debit Card",
          "Takeaway Available",
          "Breakfast",
          "Lunch",
          "Credit Card",
          "No Alcohol Available",
          "Indoor Seating",
          "Vegan Options",
          "Outdoor Seating",
          "Wheelchair Accessible",
          "Gluten Free Options",
          "Vegetarian Friendly"
        ],
        "offers": [],
        "opentable_support": 0,
        "is_zomato_book_res": 0,
        "mezzo_provider": "OTHER",
        "is_book_form_web_view": 0,
        "book_form_web_view_url": "",
        "book_again_url": "",
        "thumb": "https:\/\/b.zmtcdn.com\/data\/res_imagery\/16589711_RESTAURANT_9a1d303ca3e991ae1b92a8aad187937f_c.jpg?fit=around%7C200%3A200&crop=200%3A200%3B%2A%2C%2A",
        "user_rating": {
          "aggregate_rating": "4.1",
          "rating_text": "Very Good",
          "rating_color": "5BA829",
          "rating_obj": {
            "title": {
              "text": "4.1"
            },
            "bg_color": {
              "type": "lime",
              "tint": "700"
            }
          },
          "votes": 134
        },
        "all_reviews_count": 63,
        "photos_url": "https:\/\/www.zomato.com\/adelaide\/pickle-in-the-middle-unley\/photos?utm_source=api_basic_user&utm_medium=api&utm_campaign=v2.1#tabtop",
        "photo_count": 91,
        "menu_url": "https:\/\/www.zomato.com\/adelaide\/pickle-in-the-middle-unley\/menu?utm_source=api_basic_user&utm_medium=api&utm_campaign=v2.1&openSwipeBox=menu&showMinimal=1#tabtop",
        "featured_image": "https:\/\/b.zmtcdn.com\/data\/res_imagery\/16589711_RESTAURANT_9a1d303ca3e991ae1b92a8aad187937f_c.jpg",
        "medio_provider": false,
        "has_online_delivery": 0,
        "is_delivering_now": 0,
        "store_type": "",
        "include_bogo_offers": true,
        "deeplink": "zomato:\/\/restaurant\/16589711",
        "is_table_reservation_supported": 0,
        "has_table_booking": 0,
        "events_url": "https:\/\/www.zomato.com\/adelaide\/pickle-in-the-middle-unley\/events#tabtop?utm_source=api_basic_user&utm_medium=api&utm_campaign=v2.1",
        "phone_numbers": "(08) 8172 1083",
        "all_reviews": {
          "reviews": [
            {
              "review": []
            },
            {
              "review": []
            },
            {
              "review": []
            },
            {
              "review": []
            },
            {
              "review": []
            }
          ]
        },
        "establishment": [
          "Caf\u00e9"
        ],
        "establishment_types": []
      }
    },
    {
      "restaurant": {
        "R": {
          "res_id": 16542117,
          "is_grocery_store": false,
          "has_menu_status": {
            "delivery": -1,
            "takeaway": -1
          }
        },
        "apikey": "c1d331ff7e4dcfb200d33fa7efb9b184",
        "id": "16542117",
        "name": "Mexican Society",
        "url": "https:\/\/www.zomato.com\/adelaide\/mexican-society-city-centre?utm_source=api_basic_user&utm_medium=api&utm_campaign=v2.1",
        "location": {
          "address": "140 Gouger Street, Adelaide, City Centre, Adelaide",
          "locality": "City Centre",
          "city": "Adelaide",
          "city_id": 297,
          "latitude": "-34.9303878828",
          "longitude": "138.5941741616",
          "zipcode": "5000",
          "country_id": 14,
          "locality_verbose": "City Centre"
        },
        "switch_to_order_menu": 0,
        "cuisines": "Mexican",
        "timings": "Closed (Mon, Tue, Sun), 5:30pm \u2013 9:30pm (Wed, Thu, Sat), 12noon \u2013 2pm, 5:30pm \u2013 9:30pm (Fri)",
        "average_cost_for_two": 99,
        "price_range": 3,
        "currency": "$",
        "highlights": [
          "Cash",
          "Lunch",
          "Credit Card",
          "Dinner",
          "Outdoor Seating",
          "Vegetarian Friendly",
          "Indoor Seating",
          "Fullbar"
        ],
        "offers": [],
        "opentable_support": 0,
        "is_zomato_book_res": 0,
        "mezzo_provider": "OTHER",
        "is_book_form_web_view": 0,
        "book_form_web_view_url": "",
        "book_again_url": "",
        "thumb": "https:\/\/b.zmtcdn.com\/data\/res_imagery\/16542117_RESTAURANT_f078d363d8e950072dbba15a15687e08.jpg?fit=around%7C200%3A200&crop=200%3A200%3B%2A%2C%2A",
        "user_rating": {
          "aggregate_rating": "3.8",
          "rating_text": "Good",
          "rating_color": "9ACD32",
          "rating_obj": {
            "title": {
              "text": "3.8"
            },
            "bg_color": {
              "type": "lime",
              "tint": "600"
            }
          },
          "votes": 156
        },
        "all_reviews_count": 93,
        "photos_url": "https:\/\/www.zomato.com\/adelaide\/mexican-society-city-centre\/photos?utm_source=api_basic_user&utm_medium=api&utm_campaign=v2.1#tabtop",
        "photo_count": 154,
        "menu_url": "https:\/\/www.zomato.com\/adelaide\/mexican-society-city-centre\/menu?utm_source=api_basic_user&utm_medium=api&utm_campaign=v2.1&openSwipeBox=menu&showMinimal=1#tabtop",
        "featured_image": "https:\/\/b.zmtcdn.com\/data\/res_imagery\/16542117_RESTAURANT_f078d363d8e950072dbba15a15687e08.jpg",
        "medio_provider": false,
        "has_online_delivery": 0,
        "is_delivering_now": 0,
        "store_type": "",
        "include_bogo_offers": true,
        "deeplink": "zomato:\/\/restaurant\/16542117",
        "is_table_reservation_supported": 0,
        "has_table_booking": 0,
        "events_url": "https:\/\/www.zomato.com\/adelaide\/mexican-society-city-centre\/events#tabtop?utm_source=api_basic_user&utm_medium=api&utm_campaign=v2.1",
        "phone_numbers": "(08) 8231 2626",
        "all_reviews": {
          "reviews": [
            {
              "review": []
            },
            {
              "review": []
            },
            {
              "review": []
            },
            {
              "review": []
            },
            {
              "review": []
            }
          ]
        },
        "establishment": [
          "Casual Dining"
        ],
        "establishment_types": []
      }
    },
    {
      "restaurant": {
        "R": {
          "res_id": 16587168,
          "is_grocery_store": false,
          "has_menu_status": {
            "delivery": -1,
            "takeaway": -1
          }
        },
        "apikey": "c1d331ff7e4dcfb200d33fa7efb9b184",
        "id": "16587168",
        "name": "Seoul Korean",
        "url": "https:\/\/www.zomato.com\/adelaide\/seoul-korean-city-centre?utm_source=api_basic_user&utm_medium=api&utm_campaign=v2.1",
        "location": {
          "address": "65 Hyde Street, Adelaide",
          "locality": "City Centre",
          "city": "Adelaide",
          "city_id": 297,
          "latitude": "-34.9264787843",
          "longitude": "138.6051578075",
          "zipcode": "5000",
          "country_id": 14,
          "locality_verbose": "City Centre"
        },
        "switch_to_order_menu": 0,
        "cuisines": "Korean, BBQ",
        "timings": "12 Noon to 2:30 PM, 5:30 PM to 10 PM (Mon-Fri),5:30 PM to 10 PM (Sat),Closed (Sun)",
        "average_cost_for_two": 65,
        "price_range": 3,
        "currency": "$",
        "highlights": [
          "Credit Card",
          "Lunch",
          "Takeaway Available",
          "Dinner",
          "Wheelchair Accessible",
          "Vegetarian Friendly",
          "Indoor Seating",
          "Fullbar"
        ],
        "offers": [],
        "opentable_support": 0,
        "is_zomato_book_res": 0,
        "mezzo_provider": "OTHER",
        "is_book_form_web_view": 0,
        "book_form_web_view_url": "",
        "book_again_url": "",
        "thumb": "https:\/\/b.zmtcdn.com\/data\/res_imagery\/16587168_RESTAURANT_68ffc7102c63589da78d771290cb7d27_c.jpg?fit=around%7C200%3A200&crop=200%3A200%3B%2A%2C%2A",
        "user_rating": {
          "aggregate_rating": "4.1",
          "rating_text": "Very Good",
          "rating_color": "5BA829",
          "rating_obj": {
            "title": {
              "text": "4.1"
            },
            "bg_color": {
              "type": "lime",
              "tint": "700"
            }
          },
          "votes": 121
        },
        "all_reviews_count": 50,
        "photos_url": "https:\/\/www.zomato.com\/adelaide\/seoul-korean-city-centre\/photos?utm_source=api_basic_user&utm_medium=api&utm_campaign=v2.1#tabtop",
        "photo_count": 87,
        "menu_url": "https:\/\/www.zomato.com\/adelaide\/seoul-korean-city-centre\/menu?utm_source=api_basic_user&utm_medium=api&utm_campaign=v2.1&openSwipeBox=menu&showMinimal=1#tabtop",
        "featured_image": "https:\/\/b.zmtcdn.com\/data\/res_imagery\/16587168_RESTAURANT_68ffc7102c63589da78d771290cb7d27_c.jpg?output-format=webp",
        "medio_provider": false,
        "has_online_delivery": 0,
        "is_delivering_now": 0,
        "store_type": "",
        "include_bogo_offers": true,
        "deeplink": "zomato:\/\/restaurant\/16587168",
        "is_table_reservation_supported": 0,
        "has_table_booking": 0,
        "events_url": "https:\/\/www.zomato.com\/adelaide\/seoul-korean-city-centre\/events#tabtop?utm_source=api_basic_user&utm_medium=api&utm_campaign=v2.1",
        "phone_numbers": "(08) 8223 5563",
        "all_reviews": {
          "reviews": [
            {
              "review": []
            },
            {
              "review": []
            },
            {
              "review": []
            },
            {
              "review": []
            },
            {
              "review": []
            }
          ]
        },
        "establishment": [
          "Casual Dining"
        ],
        "establishment_types": []
      }
    },
    {
      "restaurant": {
        "R": {
          "res_id": 16588226,
          "is_grocery_store": false,
          "has_menu_status": {
            "delivery": -1,
            "takeaway": -1
          }
        },
        "apikey": "c1d331ff7e4dcfb200d33fa7efb9b184",
        "id": "16588226",
        "name": "The Topiary Cafe",
        "url": "https:\/\/www.zomato.com\/adelaide\/the-topiary-cafe-tea-tree-gully?utm_source=api_basic_user&utm_medium=api&utm_campaign=v2.1",
        "location": {
          "address": "1361 North East Road, Tea Tree Gully",
          "locality": "Tea Tree Gully",
          "city": "Adelaide",
          "city_id": 297,
          "latitude": "-34.8224916667",
          "longitude": "138.7362222222",
          "zipcode": "5131",
          "country_id": 14,
          "locality_verbose": "Tea Tree Gully"
        },
        "switch_to_order_menu": 0,
        "cuisines": "Desserts, Modern Australian, Coffee and Tea, Cafe Food",
        "timings": "9 AM to 4 PM (Mon, Tue, Wed, Thu, Fri, Sun), 9 AM to 4 PM, 6:30 PM to 11 PM (Sat)",
        "average_cost_for_two": 90,
        "price_range": 3,
        "currency": "$",
        "highlights": [
          "Breakfast",
          "Lunch",
          "Cash",
          "Debit Card",
          "Dinner",
          "Credit Card",
          "High Tea",
          "Indoor Seating",
          "Gluten Free Options",
          "Vegetarian Friendly",
          "Desserts and Bakes",
          "Fullbar",
          "Outdoor Seating",
          "Kid Friendly",
          "Smoking Area"
        ],
        "offers": [],
        "opentable_support": 0,
        "is_zomato_book_res": 0,
        "mezzo_provider": "OTHER",
        "is_book_form_web_view": 0,
        "book_form_web_view_url": "",
        "book_again_url": "",
        "thumb": "https:\/\/b.zmtcdn.com\/data\/res_imagery\/16588226_RESTAURANT_4719afba39ffa7808890f8527c866e91_c.jpg?fit=around%7C200%3A200&crop=200%3A200%3B%2A%2C%2A",
        "user_rating": {
          "aggregate_rating": "4.2",
          "rating_text": "Very Good",
          "rating_color": "5BA829",
          "rating_obj": {
            "title": {
              "text": "4.2"
            },
            "bg_color": {
              "type": "lime",
              "tint": "700"
            }
          },
          "votes": 128
        },
        "all_reviews_count": 63,
        "photos_url": "https:\/\/www.zomato.com\/adelaide\/the-topiary-cafe-tea-tree-gully\/photos?utm_source=api_basic_user&utm_medium=api&utm_campaign=v2.1#tabtop",
        "photo_count": 125,
        "menu_url": "https:\/\/www.zomato.com\/adelaide\/the-topiary-cafe-tea-tree-gully\/menu?utm_source=api_basic_user&utm_medium=api&utm_campaign=v2.1&openSwipeBox=menu&showMinimal=1#tabtop",
        "featured_image": "https:\/\/b.zmtcdn.com\/data\/res_imagery\/16588226_RESTAURANT_4719afba39ffa7808890f8527c866e91_c.jpg",
        "medio_provider": false,
        "has_online_delivery": 0,
        "is_delivering_now": 0,
        "store_type": "",
        "include_bogo_offers": true,
        "deeplink": "zomato:\/\/restaurant\/16588226",
        "is_table_reservation_supported": 0,
        "has_table_booking": 0,
        "events_url": "https:\/\/www.zomato.com\/adelaide\/the-topiary-cafe-tea-tree-gully\/events#tabtop?utm_source=api_basic_user&utm_medium=api&utm_campaign=v2.1",
        "phone_numbers": "(08) 8263 0818",
        "all_reviews": {
          "reviews": [
            {
              "review": []
            },
            {
              "review": []
            },
            {
              "review": []
            },
            {
              "review": []
            },
            {
              "review": []
            }
          ]
        },
        "establishment": [
          "Caf\u00e9"
        ],
        "establishment_types": []
      }
    },
    {
      "restaurant": {
        "R": {
          "res_id": 16587427,
          "is_grocery_store": false,
          "has_menu_status": {
            "delivery": -1,
            "takeaway": -1
          }
        },
        "apikey": "c1d331ff7e4dcfb200d33fa7efb9b184",
        "id": "16587427",
        "name": "Big Table",
        "url": "https:\/\/www.zomato.com\/adelaide\/big-table-city-centre?utm_source=api_basic_user&utm_medium=api&utm_campaign=v2.1",
        "location": {
          "address": "Adelaide Central Markets, Stall 39-40, Gouger Street, Adelaide",
          "locality": "Gouger Street, City Centre",
          "city": "Adelaide",
          "city_id": 297,
          "latitude": "-34.9300407143",
          "longitude": "138.5975171998",
          "zipcode": "5000",
          "country_id": 14,
          "locality_verbose": "Gouger Street, City Centre, Adelaide, SA"
        },
        "switch_to_order_menu": 0,
        "cuisines": "Sandwich, Coffee and Tea, Cafe Food",
        "timings": "Closed (Mon, Sun), 7 AM to 5:30 PM (Tue),9 AM to 5:30 PM (Wed-Thu),7 AM to 9 PM (Fri),7 AM to 3 PM (Sat)",
        "average_cost_for_two": 30,
        "price_range": 2,
        "currency": "$",
        "highlights": [
          "Breakfast",
          "Lunch",
          "Cash",
          "Debit Card",
          "Takeaway Available",
          "No Alcohol Available",
          "Credit Card",
          "Kid Friendly",
          "Gluten Free Options",
          "Indoor Seating",
          "Vegetarian Friendly"
        ],
        "offers": [],
        "opentable_support": 0,
        "is_zomato_book_res": 0,
        "mezzo_provider": "OTHER",
        "is_book_form_web_view": 0,
        "book_form_web_view_url": "",
        "book_again_url": "",
        "thumb": "https:\/\/b.zmtcdn.com\/data\/res_imagery\/16587427_RESTAURANT_d16773fa7cdc8bb71556ee9f4a9c287c.jpg?fit=around%7C200%3A200&crop=200%3A200%3B%2A%2C%2A",
        "user_rating": {
          "aggregate_rating": "4.2",
          "rating_text": "Very Good",
          "rating_color": "5BA829",
          "rating_obj": {
            "title": {
              "text": "4.2"
            },
            "bg_color": {
              "type": "lime",
              "tint": "700"
            }
          },
          "votes": 196
        },
        "all_reviews_count": 74,
        "photos_url": "https:\/\/www.zomato.com\/adelaide\/big-table-city-centre\/photos?utm_source=api_basic_user&utm_medium=api&utm_campaign=v2.1#tabtop",
        "photo_count": 67,
        "menu_url": "https:\/\/www.zomato.com\/adelaide\/big-table-city-centre\/menu?utm_source=api_basic_user&utm_medium=api&utm_campaign=v2.1&openSwipeBox=menu&showMinimal=1#tabtop",
        "featured_image": "https:\/\/b.zmtcdn.com\/data\/res_imagery\/16587427_RESTAURANT_d16773fa7cdc8bb71556ee9f4a9c287c.jpg?output-format=webp",
        "medio_provider": false,
        "has_online_delivery": 0,
        "is_delivering_now": 0,
        "store_type": "",
        "include_bogo_offers": true,
        "deeplink": "zomato:\/\/restaurant\/16587427",
        "is_table_reservation_supported": 0,
        "has_table_booking": 0,
        "events_url": "https:\/\/www.zomato.com\/adelaide\/big-table-city-centre\/events#tabtop?utm_source=api_basic_user&utm_medium=api&utm_campaign=v2.1",
        "phone_numbers": "(08) 8212 3899",
        "all_reviews": {
          "reviews": [
            {
              "review": []
            },
            {
              "review": []
            },
            {
              "review": []
            },
            {
              "review": []
            },
            {
              "review": []
            }
          ]
        },
        "establishment": [
          "Caf\u00e9"
        ],
        "establishment_types": []
      }
    }
  ]
}
]
